Date,High,Low,Open,Close,Volume,Adj Close
2007-01-03,26.139999389648438,25.540000915527344,25.600000381469727,25.889999389648438,971800,25.889999389648438
2007-01-04,25.90999984741211,25.450000762939453,25.790000915527344,25.459999084472656,1225800,25.459999084472656
2007-01-05,25.40999984741211,24.899999618530273,25.40999984741211,25.030000686645508,894200,25.030000686645508
2007-01-08,25.030000686645508,24.690000534057617,25.030000686645508,24.809999465942383,879000,24.809999465942383
2007-01-09,25.09000015258789,24.700000762939453,24.809999465942383,24.959999084472656,783600,24.959999084472656
2007-01-10,25.229999542236328,24.56999969482422,24.860000610351562,25.15999984741211,773500,25.15999984741211
2007-01-11,25.530000686645508,25.25,25.260000228881836,25.309999465942383,610000,25.309999465942383
2007-01-12,25.389999389648438,25.059999465942383,25.3799991607666,25.260000228881836,442000,25.260000228881836
2007-01-16,25.360000610351562,25.079999923706055,25.329999923706055,25.09000015258789,618400,25.09000015258789
2007-01-17,25.350000381469727,25.049999237060547,25.190000534057617,25.100000381469727,741100,25.100000381469727
2007-01-18,25.200000762939453,24.920000076293945,25.1200008392334,24.940000534057617,804300,24.940000534057617
2007-01-19,25.270000457763672,24.809999465942383,24.969999313354492,25.260000228881836,585200,25.260000228881836
2007-01-22,25.360000610351562,25.149999618530273,25.260000228881836,25.190000534057617,641500,25.190000534057617
2007-01-23,26.149999618530273,25.18000030517578,25.229999542236328,25.700000762939453,597800,25.700000762939453
2007-01-24,26.450000762939453,25.600000381469727,25.709999084472656,25.950000762939453,900300,25.950000762939453
2007-01-25,25.860000610351562,24.899999618530273,25.850000381469727,25.059999465942383,1121100,25.059999465942383
2007-01-26,25.3799991607666,24.649999618530273,25.190000534057617,24.93000030517578,782700,24.93000030517578
2007-01-29,25.309999465942383,24.790000915527344,24.969999313354492,24.84000015258789,908700,24.84000015258789
2007-01-30,25.010000228881836,24.81999969482422,24.979999542236328,24.959999084472656,653000,24.959999084472656
2007-01-31,25.770000457763672,24.84000015258789,25.010000228881836,25.75,1085900,25.75
2007-02-01,27.229999542236328,25.75,25.809999465942383,27.06999969482422,1942400,27.06999969482422
2007-02-02,27.770000457763672,27.020000457763672,27.079999923706055,27.75,1646500,27.75
2007-02-05,27.760000228881836,27.389999389648438,27.760000228881836,27.469999313354492,505500,27.469999313354492
2007-02-06,28.709999084472656,27.540000915527344,27.56999969482422,28.3799991607666,1771000,28.3799991607666
2007-02-07,28.829999923706055,28.280000686645508,28.3799991607666,28.809999465942383,1093300,28.809999465942383
2007-02-08,28.8799991607666,28.040000915527344,28.860000610351562,28.1299991607666,1334600,28.1299991607666
2007-02-09,28.360000610351562,27.670000076293945,28.139999389648438,27.790000915527344,829400,27.790000915527344
2007-02-12,28.360000610351562,27.700000762939453,27.850000381469727,28.260000228881836,992300,28.260000228881836
2007-02-13,28.760000228881836,28.31999969482422,28.399999618530273,28.399999618530273,584000,28.399999618530273
2007-02-14,28.799999237060547,28.350000381469727,28.479999542236328,28.739999771118164,902500,28.739999771118164
2007-02-15,29.68000030517578,28.790000915527344,28.790000915527344,29.559999465942383,1301500,29.559999465942383
2007-02-16,29.6299991607666,28.969999313354492,29.579999923706055,29.299999237060547,939500,29.299999237060547
2007-02-20,29.31999969482422,28.979999542236328,29.200000762939453,29.190000534057617,654900,29.190000534057617
2007-02-21,29.350000381469727,28.93000030517578,29.100000381469727,29.049999237060547,838000,29.049999237060547
2007-02-22,29.229999542236328,28.709999084472656,29.06999969482422,28.989999771118164,665000,28.989999771118164
2007-02-23,29.020000457763672,28.469999313354492,28.90999984741211,29.0,898800,29.0
2007-02-26,29.190000534057617,28.760000228881836,29.0,28.899999618530273,1658000,28.899999618530273
2007-02-27,29.280000686645508,28.010000228881836,28.510000228881836,28.709999084472656,1988400,28.709999084472656
2007-02-28,28.959999084472656,28.40999984741211,28.700000762939453,28.559999465942383,1501400,28.559999465942383
2007-03-01,28.450000762939453,27.56999969482422,28.450000762939453,27.979999542236328,1596100,27.979999542236328
2007-03-02,27.979999542236328,27.510000228881836,27.979999542236328,27.530000686645508,1043700,27.530000686645508
2007-03-05,27.399999618530273,26.709999084472656,27.299999237060547,26.729999542236328,987800,26.729999542236328
2007-03-06,27.540000915527344,26.799999237060547,26.950000762939453,27.309999465942383,997100,27.309999465942383
2007-03-07,28.399999618530273,27.139999389648438,27.309999465942383,28.209999084472656,1201400,28.209999084472656
2007-03-08,28.8799991607666,28.1200008392334,28.299999237060547,28.34000015258789,1670500,28.34000015258789
2007-03-09,28.540000915527344,27.950000762939453,28.540000915527344,28.100000381469727,658000,28.100000381469727
2007-03-12,28.190000534057617,27.579999923706055,28.09000015258789,27.989999771118164,887900,27.989999771118164
2007-03-13,27.8700008392334,26.770000457763672,27.8700008392334,26.93000030517578,966200,26.93000030517578
2007-03-14,27.200000762939453,26.350000381469727,27.0,26.8799991607666,688000,26.8799991607666
2007-03-15,27.559999465942383,26.899999618530273,26.899999618530273,27.43000030517578,1253000,27.43000030517578
2007-03-16,27.6299991607666,27.020000457763672,27.43000030517578,27.06999969482422,672000,27.06999969482422
2007-03-19,27.520000457763672,26.979999542236328,27.280000686645508,27.09000015258789,711700,27.09000015258789
2007-03-20,27.280000686645508,26.959999084472656,27.09000015258789,27.1200008392334,884100,27.1200008392334
2007-03-21,28.09000015258789,27.049999237060547,27.1200008392334,28.010000228881836,1381700,28.010000228881836
2007-03-22,28.200000762939453,27.829999923706055,28.010000228881836,27.940000534057617,625200,27.940000534057617
2007-03-23,28.049999237060547,27.770000457763672,28.0,27.989999771118164,396000,27.989999771118164
2007-03-26,28.829999923706055,27.860000610351562,28.829999923706055,28.010000228881836,509600,28.010000228881836
2007-03-27,28.020000457763672,27.829999923706055,28.020000457763672,27.950000762939453,733300,27.950000762939453
2007-03-28,27.969999313354492,27.729999542236328,27.90999984741211,27.799999237060547,609500,27.799999237060547
2007-03-29,28.0,27.34000015258789,27.90999984741211,27.43000030517578,825100,27.43000030517578
2007-03-30,27.649999618530273,27.389999389648438,27.5,27.5,742600,27.5
2007-04-02,27.600000381469727,27.229999542236328,27.479999542236328,27.350000381469727,491100,27.350000381469727
2007-04-03,27.799999237060547,27.40999984741211,27.450000762939453,27.739999771118164,1051800,27.739999771118164
2007-04-04,27.790000915527344,27.510000228881836,27.790000915527344,27.760000228881836,901400,27.760000228881836
2007-04-05,28.0,27.709999084472656,27.770000457763672,27.799999237060547,453500,27.799999237060547
2007-04-09,27.979999542236328,27.5,27.889999389648438,27.549999237060547,457600,27.549999237060547
2007-04-10,33.400001525878906,30.959999084472656,32.95000076293945,32.36000061035156,11915700,32.36000061035156
2007-04-11,32.130001068115234,31.06999969482422,32.119998931884766,31.309999465942383,3434200,31.309999465942383
2007-04-12,32.040000915527344,31.15999984741211,31.31999969482422,31.420000076293945,1387200,31.420000076293945
2007-04-13,31.479999542236328,30.889999389648438,31.450000762939453,31.15999984741211,827600,31.15999984741211
2007-04-16,32.029998779296875,31.18000030517578,31.190000534057617,31.8700008392334,2026900,31.8700008392334
2007-04-17,32.5099983215332,31.690000534057617,32.06999969482422,32.40999984741211,2508500,32.40999984741211
2007-04-18,32.599998474121094,32.13999938964844,32.40999984741211,32.470001220703125,1301300,32.470001220703125
2007-04-19,32.54999923706055,31.940000534057617,32.279998779296875,32.18000030517578,866300,32.18000030517578
2007-04-20,32.68000030517578,31.93000030517578,32.43000030517578,32.25,1113700,32.25
2007-04-23,32.650001525878906,32.09000015258789,32.31999969482422,32.459999084472656,2380200,32.459999084472656
2007-04-24,32.56999969482422,32.029998779296875,32.439998626708984,32.52000045776367,1495700,32.52000045776367
2007-04-25,32.9900016784668,32.5099983215332,32.77000045776367,32.72999954223633,1624000,32.72999954223633
2007-04-26,33.84000015258789,32.59000015258789,32.70000076293945,33.5099983215332,2616600,33.5099983215332
2007-04-27,33.9900016784668,33.400001525878906,33.459999084472656,33.63999938964844,1501500,33.63999938964844
2007-04-30,33.93000030517578,33.47999954223633,33.599998474121094,33.5,2079300,33.5
2007-05-01,33.720001220703125,32.91999816894531,33.5,33.41999816894531,1330200,33.41999816894531
2007-05-02,34.130001068115234,33.459999084472656,33.5,33.529998779296875,2381200,33.529998779296875
2007-05-03,34.45000076293945,33.5099983215332,33.849998474121094,33.849998474121094,1566500,33.849998474121094
2007-05-04,34.04999923706055,33.380001068115234,34.0099983215332,33.70000076293945,962800,33.70000076293945
2007-05-07,33.79999923706055,33.15999984741211,33.79999923706055,33.47999954223633,1044900,33.47999954223633
2007-05-08,34.08000183105469,33.369998931884766,33.47999954223633,34.0,3133700,34.0
2007-05-09,34.04999923706055,33.65999984741211,33.849998474121094,33.93000030517578,758800,33.93000030517578
2007-05-10,33.9900016784668,33.54999923706055,33.83000183105469,33.849998474121094,990700,33.849998474121094
2007-05-11,34.630001068115234,33.849998474121094,34.380001068115234,34.58000183105469,786900,34.58000183105469
2007-05-14,35.560001373291016,34.18000030517578,34.52000045776367,34.5,1204300,34.5
2007-05-15,35.08000183105469,34.029998779296875,34.5,34.150001525878906,1477800,34.150001525878906
2007-05-16,34.45000076293945,33.900001525878906,34.20000076293945,34.43000030517578,525800,34.43000030517578
2007-05-17,34.779998779296875,34.29999923706055,34.54999923706055,34.369998931884766,538700,34.369998931884766
2007-05-18,34.7400016784668,34.13999938964844,34.41999816894531,34.63999938964844,571200,34.63999938964844
2007-05-21,34.900001525878906,34.41999816894531,34.560001373291016,34.70000076293945,619600,34.70000076293945
2007-05-22,34.84000015258789,34.400001525878906,34.70000076293945,34.459999084472656,486900,34.459999084472656
2007-05-23,34.970001220703125,33.79999923706055,34.560001373291016,33.880001068115234,1527100,33.880001068115234
2007-05-24,33.810001373291016,32.650001525878906,33.79999923706055,32.849998474121094,2117200,32.849998474121094
2007-05-25,33.88999938964844,33.02000045776367,33.02000045776367,33.75,951700,33.75
2007-05-29,33.9900016784668,33.209999084472656,33.650001525878906,33.36000061035156,922800,33.36000061035156
2007-05-30,33.58000183105469,33.08000183105469,33.2599983215332,33.4900016784668,950500,33.4900016784668
2007-05-31,33.75,33.31999969482422,33.54999923706055,33.54999923706055,915000,33.54999923706055
2007-06-01,34.06999969482422,33.70000076293945,33.709999084472656,34.0,886700,34.0
2007-06-04,34.130001068115234,33.70000076293945,34.0,34.02000045776367,631400,34.02000045776367
2007-06-05,34.09000015258789,33.72999954223633,33.849998474121094,33.77000045776367,1036600,33.77000045776367
2007-06-06,33.849998474121094,33.470001220703125,33.70000076293945,33.61000061035156,1183000,33.61000061035156
2007-06-07,33.939998626708984,32.880001068115234,32.95000076293945,32.880001068115234,1266500,32.880001068115234
2007-06-08,33.349998474121094,32.599998474121094,32.720001220703125,33.31999969482422,1039900,33.31999969482422
2007-06-11,33.599998474121094,33.189998626708984,33.369998931884766,33.36000061035156,846400,33.36000061035156
2007-06-12,33.40999984741211,33.02000045776367,33.220001220703125,33.08000183105469,877100,33.08000183105469
2007-06-13,33.5,32.91999816894531,33.11000061035156,33.400001525878906,434000,33.400001525878906
2007-06-14,33.619998931884766,33.209999084472656,33.369998931884766,33.220001220703125,770600,33.220001220703125
2007-06-15,33.7599983215332,33.209999084472656,33.470001220703125,33.279998779296875,832200,33.279998779296875
2007-06-18,33.7400016784668,33.2599983215332,33.29999923706055,33.7400016784668,412400,33.7400016784668
2007-06-19,34.040000915527344,33.849998474121094,33.849998474121094,33.86000061035156,677500,33.86000061035156
2007-06-20,34.029998779296875,33.22999954223633,33.869998931884766,33.290000915527344,702400,33.290000915527344
2007-06-21,33.150001525878906,32.630001068115234,33.13999938964844,32.95000076293945,1090600,32.95000076293945
2007-06-22,33.4900016784668,32.689998626708984,32.900001525878906,32.7400016784668,1074600,32.7400016784668
2007-06-25,32.9900016784668,32.130001068115234,32.720001220703125,32.18000030517578,992400,32.18000030517578
2007-06-26,32.349998474121094,31.56999969482422,32.349998474121094,31.959999084472656,1012600,31.959999084472656
2007-06-27,32.22999954223633,31.350000381469727,31.700000762939453,32.18000030517578,885600,32.18000030517578
2007-06-28,33.13999938964844,32.20000076293945,32.20000076293945,32.470001220703125,1194500,32.470001220703125
2007-06-29,32.810001373291016,32.29999923706055,32.599998474121094,32.540000915527344,927600,32.540000915527344
2007-07-02,33.130001068115234,32.5099983215332,32.61000061035156,33.0,957500,33.0
2007-07-03,33.099998474121094,32.90999984741211,33.040000915527344,33.029998779296875,379200,33.029998779296875
2007-07-05,33.099998474121094,32.40999984741211,33.0,32.900001525878906,885800,32.900001525878906
2007-07-06,33.38999938964844,32.61000061035156,32.97999954223633,33.349998474121094,632400,33.349998474121094
2007-07-09,34.5099983215332,33.20000076293945,33.400001525878906,34.02000045776367,1211600,34.02000045776367
2007-07-10,33.86000061035156,32.91999816894531,33.849998474121094,32.97999954223633,1222500,32.97999954223633
2007-07-11,33.349998474121094,32.529998779296875,33.06999969482422,32.88999938964844,1234500,32.88999938964844
2007-07-12,34.7400016784668,33.20000076293945,33.25,34.06999969482422,4005500,34.06999969482422
2007-07-13,34.97999954223633,33.75,33.900001525878906,34.630001068115234,2613800,34.630001068115234
2007-07-16,34.5099983215332,34.0,34.5099983215332,34.18000030517578,1130600,34.18000030517578
2007-07-17,34.59000015258789,33.779998779296875,34.16999816894531,34.29999923706055,849400,34.29999923706055
2007-07-18,34.31999969482422,33.65999984741211,34.209999084472656,33.900001525878906,1346000,33.900001525878906
2007-07-19,34.36000061035156,33.400001525878906,34.150001525878906,33.52000045776367,888400,33.52000045776367
2007-07-20,33.400001525878906,32.06999969482422,33.33000183105469,32.369998931884766,2099900,32.369998931884766
2007-07-23,33.18000030517578,32.7400016784668,33.150001525878906,32.97999954223633,9758800,32.97999954223633
2007-07-24,32.93000030517578,32.2599983215332,32.86000061035156,32.41999816894531,3945300,32.41999816894531
2007-07-25,32.599998474121094,32.029998779296875,32.41999816894531,32.5,3174200,32.5
2007-07-26,32.5,31.280000686645508,32.099998474121094,32.119998931884766,3008800,32.119998931884766
2007-07-27,32.7599983215332,31.579999923706055,32.0,32.25,3545300,32.25
2007-07-30,32.65999984741211,32.20000076293945,32.29999923706055,32.380001068115234,2247200,32.380001068115234
2007-07-31,32.650001525878906,31.920000076293945,32.4900016784668,32.13999938964844,1955900,32.13999938964844
2007-08-01,32.400001525878906,31.770000457763672,31.979999542236328,31.799999237060547,3257100,31.799999237060547
2007-08-02,31.950000762939453,31.399999618530273,31.5,31.8700008392334,4103800,31.8700008392334
2007-08-03,31.959999084472656,31.399999618530273,31.670000076293945,31.59000015258789,3467100,31.59000015258789
2007-08-06,31.899999618530273,30.739999771118164,31.700000762939453,31.030000686645508,2604100,31.030000686645508
2007-08-07,32.02000045776367,30.68000030517578,31.15999984741211,31.579999923706055,1343400,31.579999923706055
2007-08-08,32.099998474121094,31.600000381469727,31.700000762939453,31.739999771118164,1303200,31.739999771118164
2007-08-09,32.47999954223633,30.950000762939453,31.530000686645508,31.100000381469727,2103400,31.100000381469727
2007-08-10,31.3799991607666,28.549999237060547,30.799999237060547,31.15999984741211,2112800,31.15999984741211
2007-08-13,31.790000915527344,31.0,31.469999313354492,31.09000015258789,639900,31.09000015258789
2007-08-14,31.15999984741211,30.309999465942383,31.030000686645508,30.5,1198700,30.5
2007-08-15,30.75,29.969999313354492,30.40999984741211,30.399999618530273,1176500,30.399999618530273
2007-08-16,30.350000381469727,29.06999969482422,30.149999618530273,30.100000381469727,1107000,30.100000381469727
2007-08-17,31.049999237060547,29.75,30.09000015258789,30.5,1287600,30.5
2007-08-20,31.0,30.200000762939453,30.510000228881836,30.969999313354492,822500,30.969999313354492
2007-08-21,32.41999816894531,30.780000686645508,30.969999313354492,32.20000076293945,2519800,32.20000076293945
2007-08-22,32.5099983215332,32.13999938964844,32.29999923706055,32.290000915527344,1212700,32.290000915527344
2007-08-23,32.400001525878906,32.04999923706055,32.31999969482422,32.290000915527344,728900,32.290000915527344
2007-08-24,32.7599983215332,32.25,32.349998474121094,32.650001525878906,744800,32.650001525878906
2007-08-27,32.810001373291016,32.13999938964844,32.63999938964844,32.22999954223633,750600,32.22999954223633
2007-08-28,32.47999954223633,32.0,32.18000030517578,32.040000915527344,1008400,32.040000915527344
2007-08-29,32.33000183105469,32.150001525878906,32.290000915527344,32.33000183105469,961800,32.33000183105469
2007-08-30,32.43000030517578,32.20000076293945,32.20000076293945,32.31999969482422,654600,32.31999969482422
2007-08-31,32.86000061035156,32.369998931884766,32.599998474121094,32.599998474121094,1800600,32.599998474121094
2007-09-04,32.689998626708984,32.02000045776367,32.25,32.560001373291016,1635700,32.560001373291016
2007-09-05,32.54999923706055,32.27000045776367,32.349998474121094,32.439998626708984,865900,32.439998626708984
2007-09-06,32.720001220703125,32.47999954223633,32.54999923706055,32.619998931884766,1288500,32.619998931884766
2007-09-07,32.54999923706055,32.29999923706055,32.29999923706055,32.5,1252500,32.5
2007-09-10,32.75,32.400001525878906,32.75,32.5099983215332,669500,32.5099983215332
2007-09-11,32.720001220703125,32.29999923706055,32.720001220703125,32.5099983215332,1386200,32.5099983215332
2007-09-12,32.5,31.860000610351562,32.47999954223633,31.950000762939453,1625900,31.950000762939453
2007-09-13,32.06999969482422,31.1299991607666,32.060001373291016,31.209999084472656,2906000,31.209999084472656
2007-09-14,31.530000686645508,30.790000915527344,31.049999237060547,30.90999984741211,2507700,30.90999984741211
2007-09-17,31.3700008392334,30.799999237060547,30.799999237060547,30.950000762939453,1068500,30.950000762939453
2007-09-18,31.399999618530273,31.0,31.100000381469727,31.190000534057617,716000,31.190000534057617
2007-09-19,32.09000015258789,31.149999618530273,31.25,31.719999313354492,1493300,31.719999313354492
2007-09-20,32.599998474121094,31.739999771118164,31.899999618530273,32.41999816894531,3095200,32.41999816894531
2007-09-21,32.599998474121094,31.440000534057617,32.400001525878906,31.450000762939453,1958200,31.450000762939453
2007-09-24,31.5,30.81999969482422,31.5,30.8799991607666,2209100,30.8799991607666
2007-09-25,30.959999084472656,30.440000534057617,30.850000381469727,30.799999237060547,985300,30.799999237060547
2007-09-26,31.059999465942383,30.610000610351562,30.84000015258789,30.690000534057617,961500,30.690000534057617
2007-09-27,31.75,30.690000534057617,30.799999237060547,31.75,1430100,31.75
2007-09-28,32.59000015258789,31.850000381469727,31.850000381469727,32.16999816894531,2713600,32.16999816894531
2007-10-01,32.25,31.5,32.25,31.84000015258789,1110100,31.84000015258789
2007-10-02,32.040000915527344,31.459999084472656,31.950000762939453,31.809999465942383,1428800,31.809999465942383
2007-10-03,31.93000030517578,31.270000457763672,31.700000762939453,31.350000381469727,1765900,31.350000381469727
2007-10-04,33.2400016784668,31.700000762939453,31.700000762939453,32.95000076293945,3665000,32.95000076293945
2007-10-05,33.47999954223633,33.04999923706055,33.11000061035156,33.2400016784668,897600,33.2400016784668
2007-10-08,33.380001068115234,32.97999954223633,33.369998931884766,33.099998474121094,733800,33.099998474121094
2007-10-09,33.36000061035156,33.11000061035156,33.34000015258789,33.36000061035156,533100,33.36000061035156
2007-10-10,33.790000915527344,33.29999923706055,33.349998474121094,33.75,2155700,33.75
2007-10-11,33.91999816894531,33.75,33.779998779296875,33.75,2588200,33.75
2007-10-12,33.79999923706055,33.65999984741211,33.75,33.779998779296875,545900,33.779998779296875
2007-10-15,33.869998931884766,33.70000076293945,33.849998474121094,33.81999969482422,1066400,33.81999969482422
2007-10-16,34.06999969482422,33.79999923706055,33.79999923706055,33.939998626708984,895900,33.939998626708984
2007-10-17,34.029998779296875,33.70000076293945,34.029998779296875,33.88999938964844,925500,33.88999938964844
2007-10-18,33.869998931884766,33.599998474121094,33.75,33.61000061035156,1282100,33.61000061035156
2007-10-19,33.75,33.29999923706055,33.619998931884766,33.65999984741211,2605200,33.65999984741211
2007-10-22,33.88999938964844,33.63999938964844,33.63999938964844,33.810001373291016,953300,33.810001373291016
2007-10-23,34.0,33.75,34.0,33.83000183105469,624600,33.83000183105469
2007-10-24,34.0,33.72999954223633,33.779998779296875,33.9900016784668,818900,33.9900016784668
2007-10-25,34.04999923706055,33.720001220703125,34.0,33.93000030517578,852600,33.93000030517578
2007-10-26,34.13999938964844,33.77000045776367,34.13999938964844,33.77000045776367,633200,33.77000045776367
2007-10-29,34.099998474121094,33.81999969482422,33.939998626708984,33.86000061035156,684100,33.86000061035156
2007-10-30,34.060001373291016,33.81999969482422,33.86000061035156,33.93000030517578,1921600,33.93000030517578
2007-10-31,34.29999923706055,34.150001525878906,34.150001525878906,34.189998626708984,4050200,34.189998626708984
2007-11-01,34.29999923706055,34.22999954223633,34.290000915527344,34.25,5049400,34.25
2007-11-02,34.290000915527344,34.22999954223633,34.290000915527344,34.2400016784668,3047000,34.2400016784668
2007-11-05,34.290000915527344,34.220001220703125,34.2400016784668,34.22999954223633,1279000,34.22999954223633
2007-11-06,34.34000015258789,34.25,34.2599983215332,34.310001373291016,521500,34.310001373291016
2007-11-07,34.310001373291016,34.04999923706055,34.2599983215332,34.15999984741211,3834500,34.15999984741211
2007-11-08,34.33000183105469,34.09000015258789,34.25,34.16999816894531,1548400,34.16999816894531
2007-11-09,34.20000076293945,33.939998626708984,33.959999084472656,34.16999816894531,1257400,34.16999816894531
2007-11-12,34.25,34.15999984741211,34.18000030517578,34.18000030517578,1964800,34.18000030517578
2007-11-13,34.29999923706055,33.66999816894531,34.220001220703125,34.0099983215332,3641700,34.0099983215332
2007-11-14,34.369998931884766,21.90999984741211,34.369998931884766,23.5,36409300,23.5
2007-11-15,25.1299991607666,22.40999984741211,23.850000381469727,22.90999984741211,19702400,22.90999984741211
2007-11-16,23.479999542236328,22.329999923706055,23.25,23.3700008392334,6784300,23.3700008392334
2007-11-19,23.31999969482422,22.25,23.229999542236328,22.5,4426100,22.5
2007-11-20,22.950000762939453,21.809999465942383,22.950000762939453,22.030000686645508,2524000,22.030000686645508
2007-11-21,23.399999618530273,21.299999237060547,21.75,22.469999313354492,2822800,22.469999313354492
2007-11-23,22.489999771118164,22.0,22.469999313354492,22.239999771118164,489100,22.239999771118164
2007-11-26,22.940000534057617,21.1200008392334,22.280000686645508,21.200000762939453,1493500,21.200000762939453
2007-11-27,21.549999237060547,20.760000228881836,21.260000228881836,20.8700008392334,1667500,20.8700008392334
2007-11-28,21.579999923706055,20.8700008392334,20.8700008392334,21.5,1265100,21.5
2007-11-29,22.520000457763672,21.200000762939453,21.59000015258789,22.239999771118164,2425500,22.239999771118164
2007-11-30,23.440000534057617,22.350000381469727,22.3799991607666,23.270000457763672,3507700,23.270000457763672
2007-12-03,23.3700008392334,22.670000076293945,23.3700008392334,23.219999313354492,1138300,23.219999313354492
2007-12-04,23.290000915527344,22.600000381469727,23.1200008392334,23.020000457763672,1779400,23.020000457763672
2007-12-05,23.579999923706055,23.139999389648438,23.149999618530273,23.3700008392334,1775600,23.3700008392334
2007-12-06,23.889999389648438,23.229999542236328,23.290000915527344,23.770000457763672,1031700,23.770000457763672
2007-12-07,24.3700008392334,23.670000076293945,23.670000076293945,23.940000534057617,1599000,23.940000534057617
2007-12-10,25.489999771118164,23.760000228881836,23.959999084472656,24.229999542236328,2029400,24.229999542236328
2007-12-11,24.260000228881836,23.389999389648438,24.15999984741211,23.43000030517578,769200,23.43000030517578
2007-12-12,24.329999923706055,22.299999237060547,23.940000534057617,22.549999237060547,2906000,22.549999237060547
2007-12-13,22.549999237060547,20.670000076293945,22.520000457763672,21.15999984741211,3542400,21.15999984741211
2007-12-14,23.549999237060547,21.149999618530273,21.15999984741211,23.549999237060547,4141100,23.549999237060547
2007-12-17,25.25,24.049999237060547,25.110000610351562,24.25,4771800,24.25
2007-12-18,24.209999084472656,22.6299991607666,22.989999771118164,23.049999237060547,2768200,23.049999237060547
2007-12-19,23.030000686645508,21.540000915527344,22.959999084472656,22.25,2942100,22.25
2007-12-20,22.479999542236328,21.360000610351562,22.3700008392334,21.600000381469727,2358100,21.600000381469727
2007-12-21,21.950000762939453,17.31999969482422,21.950000762939453,17.90999984741211,10186200,17.90999984741211
2007-12-24,19.0,17.850000381469727,17.950000762939453,18.700000762939453,5344900,18.700000762939453
2007-12-26,19.190000534057617,18.1200008392334,18.75,19.049999237060547,3376800,19.049999237060547
2007-12-27,19.229999542236328,18.399999618530273,19.149999618530273,18.530000686645508,2654300,18.530000686645508
2007-12-28,18.75,18.280000686645508,18.549999237060547,18.469999313354492,1437500,18.469999313354492
2007-12-31,18.6299991607666,18.0,18.469999313354492,18.360000610351562,1692800,18.360000610351562
2008-01-02,18.920000076293945,17.709999084472656,18.329999923706055,17.770000457763672,2409400,17.770000457763672
2008-01-03,18.649999618530273,18.010000228881836,18.34000015258789,18.260000228881836,2512300,18.260000228881836
2008-01-04,18.110000610351562,17.280000686645508,18.049999237060547,17.34000015258789,2237900,17.34000015258789
2008-01-07,17.68000030517578,16.260000228881836,17.450000762939453,16.420000076293945,2204600,16.420000076293945
2008-01-08,16.690000534057617,15.640000343322754,16.510000228881836,15.699999809265137,2727000,15.699999809265137
2008-01-09,15.869999885559082,15.119999885559082,15.869999885559082,15.539999961853027,2052800,15.539999961853027
2008-01-10,16.75,15.4399995803833,15.460000038146973,16.56999969482422,2857100,16.56999969482422
2008-01-11,18.06999969482422,16.790000915527344,17.959999084472656,17.200000762939453,4523200,17.200000762939453
2008-01-14,17.760000228881836,16.829999923706055,17.280000686645508,17.59000015258789,1892900,17.59000015258789
2008-01-15,17.780000686645508,16.8700008392334,17.43000030517578,17.1200008392334,1974500,17.1200008392334
2008-01-16,17.350000381469727,16.579999923706055,17.020000457763672,17.049999237060547,1642900,17.049999237060547
2008-01-17,17.110000610351562,15.8100004196167,17.09000015258789,16.030000686645508,2002400,16.030000686645508
2008-01-18,16.600000381469727,15.699999809265137,16.149999618530273,16.020000457763672,1654400,16.020000457763672
2008-01-22,16.299999237060547,14.829999923706055,15.350000381469727,15.899999618530273,1539900,15.899999618530273
2008-01-23,16.75,15.600000381469727,15.600000381469727,16.639999389648438,1698600,16.639999389648438
2008-01-24,17.149999618530273,16.149999618530273,16.670000076293945,17.149999618530273,1341800,17.149999618530273
2008-01-25,17.450000762939453,16.530000686645508,17.209999084472656,16.860000610351562,1633100,16.860000610351562
2008-01-28,17.350000381469727,16.43000030517578,16.81999969482422,17.350000381469727,961300,17.350000381469727
2008-01-29,17.450000762939453,16.920000076293945,17.399999618530273,17.25,756900,17.25
2008-01-30,17.950000762939453,17.010000228881836,17.040000915527344,17.420000076293945,1395400,17.420000076293945
2008-01-31,18.5,17.329999923706055,17.799999237060547,18.229999542236328,1490000,18.229999542236328
2008-02-01,19.239999771118164,18.149999618530273,18.389999389648438,19.049999237060547,1471000,19.049999237060547
2008-02-04,19.0,18.350000381469727,18.940000534057617,18.350000381469727,898200,18.350000381469727
2008-02-05,19.040000915527344,18.059999465942383,18.219999313354492,18.260000228881836,1533200,18.260000228881836
2008-02-06,18.3799991607666,17.600000381469727,18.329999923706055,17.899999618530273,899200,17.899999618530273
2008-02-07,18.1299991607666,17.43000030517578,17.649999618530273,17.90999984741211,1151000,17.90999984741211
2008-02-08,18.350000381469727,17.670000076293945,17.799999237060547,18.18000030517578,693200,18.18000030517578
2008-02-11,18.450000762939453,17.700000762939453,18.170000076293945,18.299999237060547,764400,18.299999237060547
2008-02-12,18.719999313354492,18.149999618530273,18.43000030517578,18.309999465942383,898700,18.309999465942383
2008-02-13,18.670000076293945,18.299999237060547,18.489999771118164,18.610000610351562,707400,18.610000610351562
2008-02-14,19.100000381469727,18.450000762939453,18.649999618530273,18.809999465942383,1233800,18.809999465942383
2008-02-15,18.989999771118164,18.530000686645508,18.670000076293945,18.84000015258789,621300,18.84000015258789
2008-02-19,19.170000076293945,18.809999465942383,18.899999618530273,19.049999237060547,1004600,19.049999237060547
2008-02-20,19.219999313354492,18.75,18.8799991607666,18.950000762939453,1258900,18.950000762939453
2008-02-21,19.290000915527344,18.799999237060547,19.030000686645508,18.860000610351562,1344900,18.860000610351562
2008-02-22,18.950000762939453,18.440000534057617,18.90999984741211,18.8799991607666,715700,18.8799991607666
2008-02-25,19.290000915527344,18.780000686645508,18.860000610351562,19.270000457763672,894600,19.270000457763672
2008-02-26,19.6200008392334,19.100000381469727,19.239999771118164,19.399999618530273,510600,19.399999618530273
2008-02-27,19.739999771118164,19.219999313354492,19.309999465942383,19.360000610351562,677000,19.360000610351562
2008-02-28,19.229999542236328,18.549999237060547,19.15999984741211,18.969999313354492,1083300,18.969999313354492
2008-02-29,20.5,19.360000610351562,20.010000228881836,20.100000381469727,3417700,20.100000381469727
2008-03-03,20.170000076293945,19.399999618530273,20.1299991607666,19.649999618530273,1361400,19.649999618530273
2008-03-04,19.75,19.049999237060547,19.43000030517578,19.59000015258789,1409500,19.59000015258789
2008-03-05,19.979999542236328,19.010000228881836,19.979999542236328,19.170000076293945,695500,19.170000076293945
2008-03-06,19.290000915527344,18.600000381469727,19.0,18.700000762939453,929800,18.700000762939453
2008-03-07,19.229999542236328,18.579999923706055,18.649999618530273,18.899999618530273,940900,18.899999618530273
2008-03-10,19.110000610351562,18.399999618530273,18.889999389648438,18.579999923706055,929700,18.579999923706055
2008-03-11,19.1299991607666,18.420000076293945,18.989999771118164,18.889999389648438,802100,18.889999389648438
2008-03-12,19.239999771118164,18.700000762939453,18.889999389648438,18.93000030517578,595800,18.93000030517578
2008-03-13,19.3799991607666,18.43000030517578,18.56999969482422,19.200000762939453,782300,19.200000762939453
2008-03-14,19.43000030517578,18.040000915527344,19.399999618530273,18.3700008392334,1303500,18.3700008392334
2008-03-17,18.190000534057617,17.450000762939453,17.989999771118164,17.709999084472656,1389700,17.709999084472656
2008-03-18,17.8799991607666,17.200000762939453,17.329999923706055,17.610000610351562,1890100,17.610000610351562
2008-03-19,17.979999542236328,17.600000381469727,17.639999389648438,17.610000610351562,1168900,17.610000610351562
2008-03-20,18.360000610351562,17.450000762939453,17.59000015258789,18.239999771118164,1002700,18.239999771118164
2008-03-24,19.209999084472656,18.239999771118164,18.239999771118164,18.959999084472656,674600,18.959999084472656
2008-03-25,19.6200008392334,18.969999313354492,18.969999313354492,19.520000457763672,1361900,19.520000457763672
2008-03-26,19.700000762939453,18.649999618530273,19.479999542236328,19.010000228881836,1229300,19.010000228881836
2008-03-27,19.170000076293945,18.459999084472656,18.969999313354492,18.520000457763672,801100,18.520000457763672
2008-03-28,18.860000610351562,18.260000228881836,18.56999969482422,18.40999984741211,523200,18.40999984741211
2008-03-31,19.06999969482422,18.34000015258789,18.510000228881836,18.84000015258789,863100,18.84000015258789
2008-04-01,19.40999984741211,18.84000015258789,19.030000686645508,18.84000015258789,1140900,18.84000015258789
2008-04-02,19.56999969482422,18.84000015258789,18.950000762939453,19.350000381469727,662700,19.350000381469727
2008-04-03,19.65999984741211,19.110000610351562,19.260000228881836,19.459999084472656,986300,19.459999084472656
2008-04-04,19.799999237060547,18.899999618530273,19.360000610351562,19.0,746500,19.0
2008-04-07,19.610000610351562,19.040000915527344,19.31999969482422,19.489999771118164,626600,19.489999771118164
2008-04-08,19.59000015258789,19.049999237060547,19.3700008392334,19.549999237060547,690400,19.549999237060547
2008-04-09,19.68000030517578,18.56999969482422,19.65999984741211,18.65999984741211,737300,18.65999984741211
2008-04-10,19.010000228881836,18.690000534057617,18.690000534057617,18.940000534057617,809700,18.940000534057617
2008-04-11,18.8799991607666,18.399999618530273,18.780000686645508,18.6200008392334,807100,18.6200008392334
2008-04-14,18.6200008392334,17.530000686645508,18.6200008392334,17.760000228881836,1491900,17.760000228881836
2008-04-15,18.3700008392334,17.8700008392334,17.90999984741211,18.200000762939453,1038600,18.200000762939453
2008-04-16,18.3799991607666,17.969999313354492,18.200000762939453,18.350000381469727,808100,18.350000381469727
2008-04-17,18.850000381469727,18.149999618530273,18.299999237060547,18.3799991607666,1231400,18.3799991607666
2008-04-18,18.8799991607666,18.559999465942383,18.690000534057617,18.739999771118164,1149200,18.739999771118164
2008-04-21,19.149999618530273,18.59000015258789,18.59000015258789,19.0,1308300,19.0
2008-04-22,19.049999237060547,18.510000228881836,18.940000534057617,18.65999984741211,861300,18.65999984741211
2008-04-23,19.0,18.670000076293945,18.670000076293945,18.829999923706055,2026800,18.829999923706055
2008-04-24,19.270000457763672,18.760000228881836,18.889999389648438,18.989999771118164,1537500,18.989999771118164
2008-04-25,19.31999969482422,18.84000015258789,19.06999969482422,19.040000915527344,1613000,19.040000915527344
2008-04-28,19.260000228881836,18.959999084472656,19.010000228881836,19.010000228881836,1621400,19.010000228881836
2008-04-29,19.170000076293945,18.780000686645508,18.950000762939453,19.010000228881836,1184600,19.010000228881836
2008-04-30,19.469999313354492,17.8700008392334,17.8799991607666,18.84000015258789,1970100,18.84000015258789
2008-05-01,19.219999313354492,18.959999084472656,18.959999084472656,19.15999984741211,927400,19.15999984741211
2008-05-02,19.43000030517578,19.059999465942383,19.209999084472656,19.329999923706055,600500,19.329999923706055
2008-05-05,19.5,18.979999542236328,19.299999237060547,19.209999084472656,745600,19.209999084472656
2008-05-06,19.639999389648438,19.079999923706055,19.1200008392334,19.3799991607666,523200,19.3799991607666
2008-05-07,19.59000015258789,19.34000015258789,19.389999389648438,19.559999465942383,734000,19.559999465942383
2008-05-08,20.079999923706055,19.450000762939453,19.559999465942383,19.690000534057617,640500,19.690000534057617
2008-05-09,19.690000534057617,19.440000534057617,19.59000015258789,19.549999237060547,398200,19.549999237060547
2008-05-12,19.979999542236328,19.510000228881836,19.540000915527344,19.959999084472656,499000,19.959999084472656
2008-05-13,20.100000381469727,19.799999237060547,19.84000015258789,20.09000015258789,624500,20.09000015258789
2008-05-14,20.18000030517578,19.850000381469727,20.149999618530273,19.889999389648438,547500,19.889999389648438
2008-05-15,20.520000457763672,19.700000762939453,19.959999084472656,20.520000457763672,784500,20.520000457763672
2008-05-16,20.790000915527344,20.5,20.510000228881836,20.690000534057617,462200,20.690000534057617
2008-05-19,20.950000762939453,20.399999618530273,20.780000686645508,20.639999389648438,485200,20.639999389648438
2008-05-20,20.600000381469727,19.950000762939453,20.530000686645508,20.09000015258789,991900,20.09000015258789
2008-05-21,20.299999237060547,20.049999237060547,20.1299991607666,20.100000381469727,651600,20.100000381469727
2008-05-22,20.440000534057617,20.0,20.100000381469727,20.309999465942383,653500,20.309999465942383
2008-05-23,20.25,20.020000457763672,20.139999389648438,20.1200008392334,610600,20.1200008392334
2008-05-27,20.360000610351562,19.979999542236328,20.059999465942383,20.219999313354492,876400,20.219999313354492
2008-05-28,20.700000762939453,20.170000076293945,20.18000030517578,20.65999984741211,328000,20.65999984741211
2008-05-29,20.940000534057617,20.350000381469727,20.690000534057617,20.420000076293945,609200,20.420000076293945
2008-05-30,20.690000534057617,20.239999771118164,20.40999984741211,20.59000015258789,656800,20.59000015258789
2008-06-02,20.889999389648438,20.280000686645508,20.670000076293945,20.5,615600,20.5
2008-06-03,20.6299991607666,20.219999313354492,20.540000915527344,20.469999313354492,585700,20.469999313354492
2008-06-04,20.899999618530273,20.15999984741211,20.43000030517578,20.360000610351562,939300,20.360000610351562
2008-06-05,20.09000015258789,19.389999389648438,19.850000381469727,20.06999969482422,1154800,20.06999969482422
2008-06-06,20.200000762939453,19.600000381469727,19.959999084472656,19.600000381469727,641800,19.600000381469727
2008-06-09,19.709999084472656,19.3799991607666,19.540000915527344,19.5,604200,19.5
2008-06-10,22.739999771118164,21.59000015258789,22.6200008392334,22.09000015258789,7421100,22.09000015258789
2008-06-11,22.260000228881836,21.530000686645508,21.899999618530273,21.59000015258789,3062700,21.59000015258789
2008-06-12,21.8799991607666,21.200000762939453,21.6299991607666,21.450000762939453,1482400,21.450000762939453
2008-06-13,21.8700008392334,21.600000381469727,21.600000381469727,21.799999237060547,742000,21.799999237060547
2008-06-16,22.049999237060547,21.610000610351562,21.799999237060547,22.020000457763672,702300,22.020000457763672
2008-06-17,22.200000762939453,21.75,22.15999984741211,21.829999923706055,1006100,21.829999923706055
2008-06-18,21.940000534057617,21.600000381469727,21.770000457763672,21.709999084472656,1157600,21.709999084472656
2008-06-19,21.940000534057617,21.5,21.729999542236328,21.81999969482422,2160500,21.81999969482422
2008-06-20,21.81999969482422,21.290000915527344,21.81999969482422,21.59000015258789,1350000,21.59000015258789
2008-06-23,21.8700008392334,21.18000030517578,21.729999542236328,21.280000686645508,1104000,21.280000686645508
2008-06-24,21.5,21.09000015258789,21.270000457763672,21.40999984741211,1937400,21.40999984741211
2008-06-25,21.469999313354492,21.1200008392334,21.450000762939453,21.1299991607666,3054400,21.1299991607666
2008-06-26,21.079999923706055,19.290000915527344,21.0,19.510000228881836,5984700,19.510000228881836
2008-06-27,20.079999923706055,18.889999389648438,19.229999542236328,19.959999084472656,2035700,19.959999084472656
2008-06-30,20.15999984741211,19.549999237060547,19.979999542236328,19.610000610351562,1775700,19.610000610351562
2008-07-01,20.59000015258789,18.649999618530273,20.59000015258789,19.1299991607666,7605200,19.1299991607666
2008-07-02,19.549999237060547,18.84000015258789,19.40999984741211,19.030000686645508,2224700,19.030000686645508
2008-07-03,19.719999313354492,18.5,19.09000015258789,18.950000762939453,1520800,18.950000762939453
2008-07-07,19.350000381469727,18.799999237060547,19.09000015258789,19.190000534057617,2703900,19.190000534057617
2008-07-08,19.889999389648438,19.1200008392334,19.18000030517578,19.850000381469727,3180700,19.850000381469727
2008-07-09,20.139999389648438,19.420000076293945,19.989999771118164,20.040000915527344,3639100,20.040000915527344
2008-07-10,20.010000228881836,19.290000915527344,19.850000381469727,19.59000015258789,1872600,19.59000015258789
2008-07-11,19.6299991607666,18.809999465942383,19.100000381469727,19.280000686645508,3115300,19.280000686645508
2008-07-14,19.6299991607666,18.899999618530273,19.459999084472656,18.950000762939453,3062600,18.950000762939453
2008-07-15,20.0,18.5,19.25,19.1200008392334,4688600,19.1200008392334
2008-07-16,22.59000015258789,18.850000381469727,22.59000015258789,18.889999389648438,4902300,18.889999389648438
2008-07-17,17.75,16.610000610351562,16.799999237060547,16.889999389648438,6039800,16.889999389648438
2008-07-18,17.229999542236328,16.75,17.049999237060547,16.829999923706055,2361900,16.829999923706055
2008-07-21,17.149999618530273,16.729999542236328,17.149999618530273,17.020000457763672,2898700,17.020000457763672
2008-07-22,17.549999237060547,16.899999618530273,17.030000686645508,17.5,4705500,17.5
2008-07-23,18.700000762939453,17.670000076293945,17.889999389648438,18.200000762939453,3862400,18.200000762939453
2008-07-24,18.350000381469727,17.139999389648438,18.170000076293945,17.139999389648438,1110100,17.139999389648438
2008-07-25,18.010000228881836,17.030000686645508,17.030000686645508,17.31999969482422,1696800,17.31999969482422
2008-07-28,17.799999237060547,16.920000076293945,17.270000457763672,17.799999237060547,1058300,17.799999237060547
2008-07-29,18.0,17.049999237060547,17.940000534057617,17.1299991607666,2709100,17.1299991607666
2008-07-30,17.850000381469727,15.510000228881836,17.239999771118164,16.0,8514800,16.0
2008-07-31,16.329999923706055,15.25,15.949999809265137,16.18000030517578,4178200,16.18000030517578
2008-08-01,17.239999771118164,15.979999542236328,16.540000915527344,16.209999084472656,2345100,16.209999084472656
2008-08-04,16.450000762939453,15.670000076293945,16.40999984741211,16.09000015258789,2131500,16.09000015258789
2008-08-05,16.75,16.0,16.600000381469727,16.6299991607666,1882500,16.6299991607666
2008-08-06,16.75,16.059999465942383,16.6200008392334,16.549999237060547,1096100,16.549999237060547
2008-08-07,16.40999984741211,15.59000015258789,16.40999984741211,15.880000114440918,1667000,15.880000114440918
2008-08-08,16.420000076293945,15.739999771118164,15.8100004196167,16.360000610351562,835300,16.360000610351562
2008-08-11,16.670000076293945,16.010000228881836,16.3799991607666,16.56999969482422,1569400,16.56999969482422
2008-08-12,16.829999923706055,16.329999923706055,16.56999969482422,16.3700008392334,814200,16.3700008392334
2008-08-13,16.56999969482422,16.010000228881836,16.450000762939453,16.3700008392334,704600,16.3700008392334
2008-08-14,16.790000915527344,16.209999084472656,16.309999465942383,16.5,777400,16.5
2008-08-15,16.709999084472656,15.930000305175781,16.5,16.030000686645508,1040900,16.030000686645508
2008-08-18,16.18000030517578,15.670000076293945,16.18000030517578,15.75,382300,15.75
2008-08-19,15.90999984741211,15.289999961853027,15.65999984741211,15.430000305175781,937600,15.430000305175781
2008-08-20,15.420000076293945,15.079999923706055,15.329999923706055,15.270000457763672,1041400,15.270000457763672
2008-08-21,16.030000686645508,15.359999656677246,15.479999542236328,16.020000457763672,879500,16.020000457763672
2008-08-22,16.75,15.949999809265137,16.049999237060547,16.260000228881836,611800,16.260000228881836
2008-08-25,16.18000030517578,15.760000228881836,16.09000015258789,16.059999465942383,738600,16.059999465942383
2008-08-26,16.149999618530273,15.699999809265137,16.040000915527344,15.930000305175781,651700,15.930000305175781
2008-08-27,16.290000915527344,15.699999809265137,15.699999809265137,16.219999313354492,543100,16.219999313354492
2008-08-28,16.389999389648438,15.979999542236328,16.31999969482422,16.31999969482422,453000,16.31999969482422
2008-08-29,16.510000228881836,16.020000457763672,16.25,16.190000534057617,425700,16.190000534057617
2008-09-02,16.670000076293945,16.219999313354492,16.530000686645508,16.40999984741211,980400,16.40999984741211
2008-09-03,16.75,16.270000457763672,16.510000228881836,16.350000381469727,1044000,16.350000381469727
2008-09-04,16.350000381469727,15.84000015258789,16.290000915527344,16.020000457763672,1031900,16.020000457763672
2008-09-05,16.149999618530273,15.65999984741211,15.989999771118164,15.920000076293945,1179000,15.920000076293945
2008-09-08,16.5,15.930000305175781,16.09000015258789,16.3799991607666,956900,16.3799991607666
2008-09-09,17.030000686645508,16.170000076293945,16.170000076293945,16.299999237060547,1148000,16.299999237060547
2008-09-10,16.780000686645508,16.010000228881836,16.18000030517578,16.6299991607666,1093900,16.6299991607666
2008-09-11,16.719999313354492,15.850000381469727,16.719999313354492,16.200000762939453,1012000,16.200000762939453
2008-09-12,16.5,15.90999984741211,16.079999923706055,16.200000762939453,739900,16.200000762939453
2008-09-15,15.899999618530273,15.390000343322754,15.399999618530273,15.8100004196167,1032200,15.8100004196167
2008-09-16,16.459999084472656,15.680000305175781,15.850000381469727,16.18000030517578,984300,16.18000030517578
2008-09-17,16.049999237060547,15.119999885559082,16.0,15.319999694824219,1499100,15.319999694824219
2008-09-18,20.0,14.569999694824219,15.40999984741211,20.0,2889000,20.0
2008-09-19,18.5,16.25,16.559999465942383,17.549999237060547,2778700,17.549999237060547
2008-09-22,17.5,16.229999542236328,17.299999237060547,16.229999542236328,989700,16.229999542236328
2008-09-23,16.459999084472656,15.260000228881836,16.0,15.84000015258789,894000,15.84000015258789
2008-09-24,16.75,14.619999885559082,16.06999969482422,14.789999961853027,672700,14.789999961853027
2008-09-25,15.0600004196167,14.649999618530273,14.960000038146973,14.770000457763672,677600,14.770000457763672
2008-09-26,15.479999542236328,14.34000015258789,14.600000381469727,14.979999542236328,997600,14.979999542236328
2008-09-29,16.31999969482422,14.010000228881836,15.84000015258789,15.649999618530273,1507300,15.649999618530273
2008-09-30,16.329999923706055,13.789999961853027,15.579999923706055,15.239999771118164,1504200,15.239999771118164
2008-10-01,15.520000457763672,13.770000457763672,15.229999542236328,13.890000343322754,1552500,13.890000343322754
2008-10-02,14.170000076293945,13.0,13.880000114440918,13.420000076293945,1607800,13.420000076293945
2008-10-03,13.829999923706055,12.75,13.529999732971191,12.779999732971191,1070800,12.779999732971191
2008-10-06,12.479999542236328,10.890000343322754,12.479999542236328,12.010000228881836,2116900,12.010000228881836
2008-10-07,12.210000038146973,11.09000015258789,12.149999618530273,11.09000015258789,862600,11.09000015258789
2008-10-08,11.25,10.4399995803833,10.84000015258789,10.960000038146973,2270700,10.960000038146973
2008-10-09,11.680000305175781,10.59000015258789,10.859999656677246,11.119999885559082,1567800,11.119999885559082
2008-10-10,10.920000076293945,9.329999923706055,10.729999542236328,10.020000457763672,1705300,10.020000457763672
2008-10-13,11.510000228881836,10.119999885559082,10.5600004196167,11.510000228881836,1425100,11.510000228881836
2008-10-14,12.109999656677246,11.15999984741211,11.84000015258789,11.609999656677246,2297000,11.609999656677246
2008-10-15,11.829999923706055,9.770000457763672,11.550000190734863,9.829999923706055,833900,9.829999923706055
2008-10-16,11.020000457763672,9.260000228881836,9.819999694824219,10.170000076293945,1215100,10.170000076293945
2008-10-17,10.680000305175781,9.800000190734863,10.680000305175781,9.989999771118164,535700,9.989999771118164
2008-10-20,10.489999771118164,9.90999984741211,10.1899995803833,10.220000267028809,543700,10.220000267028809
2008-10-21,10.149999618530273,9.539999961853027,10.119999885559082,9.550000190734863,644800,9.550000190734863
2008-10-22,9.649999618530273,8.279999732971191,9.369999885559082,8.420000076293945,897200,8.420000076293945
2008-10-23,8.699999809265137,7.75,8.119999885559082,8.0,971300,8.0
2008-10-24,8.34000015258789,6.239999771118164,7.46999979019165,7.989999771118164,885500,7.989999771118164
2008-10-27,8.289999961853027,7.480000019073486,7.650000095367432,7.489999771118164,722100,7.489999771118164
2008-10-28,8.25,7.309999942779541,7.539999961853027,8.210000038146973,1006200,8.210000038146973
2008-10-29,9.569999694824219,7.730000019073486,8.149999618530273,9.100000381469727,1265500,9.100000381469727
2008-10-30,9.949999809265137,9.319999694824219,9.329999923706055,9.84000015258789,1208700,9.84000015258789
2008-10-31,10.3100004196167,9.699999809265137,9.8100004196167,10.25,494700,10.25
2008-11-03,10.6899995803833,10.130000114440918,10.270000457763672,10.34000015258789,503300,10.34000015258789
2008-11-04,10.539999961853027,9.949999809265137,10.510000228881836,10.390000343322754,1825200,10.390000343322754
2008-11-05,10.239999771118164,9.5600004196167,10.239999771118164,9.5600004196167,1003600,9.5600004196167
2008-11-06,9.5,8.59000015258789,9.229999542236328,8.630000114440918,1439400,8.630000114440918
2008-11-07,8.869999885559082,7.75,8.569999694824219,8.25,961700,8.25
2008-11-10,8.479999542236328,7.519999980926514,8.4399995803833,7.849999904632568,1721800,7.849999904632568
2008-11-11,7.849999904632568,7.010000228881836,7.760000228881836,7.199999809265137,1256800,7.199999809265137
2008-11-12,7.130000114440918,6.420000076293945,7.059999942779541,6.539999961853027,771900,6.539999961853027
2008-11-13,6.659999847412109,6.269999980926514,6.599999904632568,6.659999847412109,1240800,6.659999847412109
2008-11-14,6.730000019073486,6.260000228881836,6.579999923706055,6.260000228881836,1278700,6.260000228881836
2008-11-17,6.409999847412109,5.840000152587891,6.21999979019165,5.900000095367432,849000,5.900000095367432
2008-11-18,5.900000095367432,5.230000019073486,5.900000095367432,5.570000171661377,893100,5.570000171661377
2008-11-19,5.840000152587891,4.940000057220459,5.559999942779541,4.940000057220459,989800,4.940000057220459
2008-11-20,5.110000133514404,4.389999866485596,4.909999847412109,4.400000095367432,1172700,4.400000095367432
2008-11-21,4.920000076293945,4.320000171661377,4.639999866485596,4.760000228881836,1137700,4.760000228881836
2008-11-24,5.630000114440918,4.75,4.760000228881836,5.53000020980835,907100,5.53000020980835
2008-11-25,6.710000038146973,5.53000020980835,5.610000133514404,6.670000076293945,1165400,6.670000076293945
2008-11-26,7.769999980926514,6.260000228881836,6.699999809265137,7.739999771118164,1086300,7.739999771118164
2008-11-28,8.119999885559082,7.5,7.510000228881836,8.069999694824219,354600,8.069999694824219
2008-12-01,7.889999866485596,6.400000095367432,7.869999885559082,6.420000076293945,1172300,6.420000076293945
2008-12-02,7.5,6.409999847412109,6.619999885559082,6.840000152587891,973200,6.840000152587891
2008-12-03,7.170000076293945,5.880000114440918,6.75,7.170000076293945,1482500,7.170000076293945
2008-12-04,7.21999979019165,5.389999866485596,7.099999904632568,6.090000152587891,1986000,6.090000152587891
2008-12-05,6.340000152587891,5.690000057220459,6.0,6.340000152587891,1135800,6.340000152587891
2008-12-08,7.239999771118164,6.639999866485596,6.699999809265137,6.980000019073486,1198900,6.980000019073486
2008-12-09,7.590000152587891,6.800000190734863,6.920000076293945,7.050000190734863,874800,7.050000190734863
2008-12-10,7.590000152587891,6.829999923706055,7.150000095367432,7.0,1296700,7.0
2008-12-11,7.289999961853027,6.699999809265137,6.949999809265137,6.809999942779541,750600,6.809999942779541
2008-12-12,7.050000190734863,6.539999961853027,6.599999904632568,6.980000019073486,671500,6.980000019073486
2008-12-15,7.099999904632568,6.150000095367432,7.090000152587891,6.340000152587891,1063200,6.340000152587891
2008-12-16,7.039999961853027,6.199999809265137,6.199999809265137,7.039999961853027,791300,7.039999961853027
2008-12-17,8.1899995803833,6.730000019073486,7.010000228881836,7.960000038146973,1646200,7.960000038146973
2008-12-18,8.40999984741211,7.849999904632568,7.849999904632568,8.359999656677246,1208900,8.359999656677246
2008-12-19,9.09000015258789,8.199999809265137,8.520000457763672,8.380000114440918,1656700,8.380000114440918
2008-12-22,8.399999618530273,7.670000076293945,7.809999942779541,8.100000381469727,588200,8.100000381469727
2008-12-23,8.470000267028809,7.880000114440918,8.260000228881836,8.0,801000,8.0
2008-12-24,8.470000267028809,7.880000114440918,8.079999923706055,8.109999656677246,367400,8.109999656677246
2008-12-26,8.479999542236328,8.09000015258789,8.229999542236328,8.399999618530273,513000,8.399999618530273
2008-12-29,8.329999923706055,7.800000190734863,8.319999694824219,7.980000019073486,488900,7.980000019073486
2008-12-30,8.800000190734863,7.920000076293945,7.920000076293945,8.720000267028809,649400,8.720000267028809
2008-12-31,9.25,8.59000015258789,8.770000457763672,9.119999885559082,617400,9.119999885559082
2009-01-02,9.5,8.930000305175781,9.25,8.979999542236328,692500,8.979999542236328
2009-01-05,9.020000457763672,8.470000267028809,8.90999984741211,8.710000038146973,704400,8.710000038146973
2009-01-06,9.489999771118164,8.609999656677246,8.699999809265137,9.470000267028809,745300,9.470000267028809
2009-01-07,9.170000076293945,8.300000190734863,9.079999923706055,8.710000038146973,695500,8.710000038146973
2009-01-08,8.6899995803833,8.350000381469727,8.680000305175781,8.630000114440918,526200,8.630000114440918
2009-01-09,8.670000076293945,8.010000228881836,8.649999618530273,8.010000228881836,695200,8.010000228881836
2009-01-12,8.220000267028809,7.25,8.069999694824219,7.400000095367432,620600,7.400000095367432
2009-01-13,7.429999828338623,6.989999771118164,7.300000190734863,7.090000152587891,800300,7.090000152587891
2009-01-14,7.110000133514404,6.510000228881836,7.110000133514404,6.550000190734863,709300,6.550000190734863
2009-01-15,6.679999828338623,6.139999866485596,6.550000190734863,6.590000152587891,913800,6.590000152587891
2009-01-16,6.760000228881836,6.0,6.650000095367432,6.409999847412109,991300,6.409999847412109
2009-01-20,6.340000152587891,5.639999866485596,6.329999923706055,5.699999809265137,1016100,5.699999809265137
2009-01-21,6.099999904632568,5.650000095367432,5.739999771118164,6.070000171661377,775700,6.070000171661377
2009-01-22,6.099999904632568,5.659999847412109,5.940000057220459,5.760000228881836,728000,5.760000228881836
2009-01-23,5.940000057220459,5.21999979019165,5.599999904632568,5.739999771118164,649100,5.739999771118164
2009-01-26,6.199999809265137,5.670000076293945,5.769999980926514,5.869999885559082,486300,5.869999885559082
2009-01-27,6.099999904632568,5.769999980926514,5.860000133514404,6.019999980926514,394600,6.019999980926514
2009-01-28,6.53000020980835,5.949999809265137,6.099999904632568,6.480000019073486,858200,6.480000019073486
2009-01-29,6.400000095367432,5.860000133514404,6.400000095367432,5.929999828338623,685000,5.929999828338623
2009-01-30,6.190000057220459,5.480000019073486,5.929999828338623,5.579999923706055,736000,5.579999923706055
2009-02-02,5.480000019073486,5.179999828338623,5.480000019073486,5.28000020980835,590900,5.28000020980835
2009-02-03,5.519999980926514,5.059999942779541,5.179999828338623,5.429999828338623,616300,5.429999828338623
2009-02-04,5.639999866485596,5.380000114440918,5.449999809265137,5.409999847412109,590300,5.409999847412109
2009-02-05,5.619999885559082,5.269999980926514,5.360000133514404,5.519999980926514,564300,5.519999980926514
2009-02-06,5.920000076293945,5.53000020980835,5.550000190734863,5.900000095367432,722300,5.900000095367432
2009-02-09,5.880000114440918,5.650000095367432,5.860000133514404,5.710000038146973,386800,5.710000038146973
2009-02-10,5.789999961853027,5.079999923706055,5.670000076293945,5.130000114440918,806600,5.130000114440918
2009-02-11,5.739999771118164,5.320000171661377,5.739999771118164,5.420000076293945,1030800,5.420000076293945
2009-02-12,5.599999904632568,5.230000019073486,5.400000095367432,5.539999961853027,859500,5.539999961853027
2009-02-13,5.5,5.25,5.489999771118164,5.260000228881836,484500,5.260000228881836
2009-02-17,5.179999828338623,4.860000133514404,5.119999885559082,4.860000133514404,565100,4.860000133514404
2009-02-18,5.050000190734863,4.710000038146973,4.96999979019165,5.019999980926514,658100,5.019999980926514
2009-02-19,5.210000038146973,4.699999809265137,5.210000038146973,4.710000038146973,618200,4.710000038146973
2009-02-20,4.78000020980835,4.440000057220459,4.610000133514404,4.699999809265137,566100,4.699999809265137
2009-02-23,4.650000095367432,4.329999923706055,4.650000095367432,4.380000114440918,810700,4.380000114440918
2009-02-24,4.670000076293945,4.449999809265137,4.449999809265137,4.519999980926514,765000,4.519999980926514
2009-02-25,4.699999809265137,4.010000228881836,4.5,4.190000057220459,836900,4.190000057220459
2009-02-26,4.730000019073486,3.890000104904175,4.730000019073486,4.190000057220459,2076000,4.190000057220459
2009-02-27,4.25,3.809999942779541,4.099999904632568,4.050000190734863,1305200,4.050000190734863
2009-03-02,3.9800000190734863,3.759999990463257,3.950000047683716,3.7799999713897705,877800,3.7799999713897705
2009-03-03,3.930000066757202,3.3299999237060547,3.859999895095825,3.490000009536743,1494300,3.490000009536743
2009-03-04,3.680000066757202,3.069999933242798,3.5,3.240000009536743,1777400,3.240000009536743
2009-03-05,3.450000047683716,3.049999952316284,3.1600000858306885,3.200000047683716,2500700,3.200000047683716
2009-03-06,3.319999933242798,2.5199999809265137,3.1600000858306885,3.1600000858306885,1455400,3.1600000858306885
2009-03-09,3.3299999237060547,2.9800000190734863,3.1700000762939453,3.0299999713897705,1427600,3.0299999713897705
2009-03-10,3.6500000953674316,3.059999942779541,3.059999942779541,3.2899999618530273,2125100,3.2899999618530273
2009-03-11,3.299999952316284,3.119999885559082,3.25,3.200000047683716,2073000,3.200000047683716
2009-03-12,3.5299999713897705,2.9700000286102295,3.180000066757202,3.5199999809265137,1020100,3.5199999809265137
2009-03-13,3.5899999141693115,3.1600000858306885,3.549999952316284,3.440000057220459,1102700,3.440000057220459
2009-03-16,3.630000114440918,3.430000066757202,3.509999990463257,3.490000009536743,806400,3.490000009536743
2009-03-17,3.75,3.390000104904175,3.5,3.700000047683716,763300,3.700000047683716
2009-03-18,4.010000228881836,3.690000057220459,3.690000057220459,3.940000057220459,1119300,3.940000057220459
2009-03-19,4.099999904632568,3.9700000286102295,4.0,4.019999980926514,990900,4.019999980926514
2009-03-20,4.039999961853027,3.6500000953674316,4.0,3.7200000286102295,1037200,3.7200000286102295
2009-03-23,4.119999885559082,3.7200000286102295,3.7200000286102295,4.110000133514404,887400,4.110000133514404
2009-03-24,3.9800000190734863,3.759999990463257,3.930000066757202,3.759999990463257,1079200,3.759999990463257
2009-03-25,3.990000009536743,3.5199999809265137,3.7699999809265137,3.7300000190734863,1231500,3.7300000190734863
2009-03-26,4.179999828338623,3.6500000953674316,3.799999952316284,4.179999828338623,1241500,4.179999828338623
2009-03-27,5.309999942779541,4.050000190734863,4.119999885559082,4.699999809265137,2571000,4.699999809265137
2009-03-30,4.599999904632568,4.150000095367432,4.599999904632568,4.190000057220459,1429200,4.190000057220459
2009-03-31,4.349999904632568,4.050000190734863,4.28000020980835,4.210000038146973,909700,4.210000038146973
2009-04-01,4.400000095367432,3.990000009536743,4.119999885559082,4.289999961853027,1008000,4.289999961853027
2009-04-02,4.900000095367432,4.369999885559082,4.409999847412109,4.670000076293945,1806000,4.670000076293945
2009-04-03,4.699999809265137,4.360000133514404,4.699999809265137,4.590000152587891,739600,4.590000152587891
2009-04-06,4.619999885559082,4.309999942779541,4.619999885559082,4.360000133514404,899100,4.360000133514404
2009-04-07,4.329999923706055,4.059999942779541,4.289999961853027,4.059999942779541,1111600,4.059999942779541
2009-04-08,4.369999885559082,4.059999942779541,4.059999942779541,4.190000057220459,629800,4.190000057220459
2009-04-09,4.679999828338623,4.25,4.579999923706055,4.679999828338623,1102000,4.679999828338623
2009-04-13,4.949999809265137,4.460000038146973,4.590000152587891,4.900000095367432,1171200,4.900000095367432
2009-04-14,5.389999866485596,4.78000020980835,4.869999885559082,5.050000190734863,1525600,5.050000190734863
2009-04-15,5.139999866485596,4.840000152587891,5.019999980926514,4.980000019073486,646400,4.980000019073486
2009-04-16,5.269999980926514,4.960000038146973,5.050000190734863,5.179999828338623,1061800,5.179999828338623
2009-04-17,5.539999961853027,5.199999809265137,5.199999809265137,5.46999979019165,835400,5.46999979019165
2009-04-20,5.340000152587891,4.840000152587891,5.340000152587891,5.0,1100600,5.0
2009-04-21,5.289999961853027,4.929999828338623,4.96999979019165,5.150000095367432,836800,5.150000095367432
2009-04-22,5.639999866485596,5.019999980926514,5.090000152587891,5.570000171661377,1128900,5.570000171661377
2009-04-23,5.820000171661377,5.519999980926514,5.699999809265137,5.710000038146973,1416300,5.710000038146973
2009-04-24,6.239999771118164,5.690000057220459,5.75,6.070000171661377,1217600,6.070000171661377
2009-04-27,6.139999866485596,5.880000114440918,6.019999980926514,6.010000228881836,1152300,6.010000228881836
2009-04-28,6.269999980926514,5.809999942779541,5.940000057220459,6.110000133514404,1213000,6.110000133514404
2009-04-29,6.590000152587891,6.0,6.119999885559082,6.420000076293945,1589400,6.420000076293945
2009-04-30,6.239999771118164,5.699999809265137,5.980000019073486,6.059999942779541,2201100,6.059999942779541
2009-05-01,6.170000076293945,5.75,6.019999980926514,5.789999961853027,1113800,5.789999961853027
2009-05-04,6.070000171661377,5.739999771118164,5.96999979019165,6.039999961853027,1589700,6.039999961853027
2009-05-05,6.25,5.860000133514404,6.139999866485596,5.920000076293945,1190200,5.920000076293945
2009-05-06,6.139999866485596,5.829999923706055,6.090000152587891,6.010000228881836,821900,6.010000228881836
2009-05-07,6.230000019073486,5.579999923706055,6.150000095367432,5.650000095367432,1067700,5.650000095367432
2009-05-08,6.210000038146973,5.730000019073486,5.809999942779541,6.210000038146973,966800,6.210000038146973
2009-05-11,6.150000095367432,5.75,6.039999961853027,5.840000152587891,1570900,5.840000152587891
2009-05-12,5.960000038146973,5.480000019073486,5.889999866485596,5.619999885559082,937700,5.619999885559082
2009-05-13,5.559999942779541,5.0,5.539999961853027,5.010000228881836,1703800,5.010000228881836
2009-05-14,5.159999847412109,4.829999923706055,5.050000190734863,4.980000019073486,1595500,4.980000019073486
2009-05-15,5.28000020980835,4.960000038146973,4.989999771118164,5.139999866485596,840200,5.139999866485596
2009-05-18,5.28000020980835,5.019999980926514,5.199999809265137,5.230000019073486,774500,5.230000019073486
2009-05-19,5.349999904632568,5.010000228881836,5.289999961853027,5.050000190734863,1084500,5.050000190734863
2009-05-20,5.369999885559082,5.099999904632568,5.130000114440918,5.230000019073486,1806500,5.230000019073486
2009-05-21,5.25,5.0,5.190000057220459,5.090000152587891,840000,5.090000152587891
2009-05-22,5.150000095367432,4.960000038146973,5.099999904632568,4.980000019073486,486200,4.980000019073486
2009-05-26,5.110000133514404,4.849999904632568,4.980000019073486,4.960000038146973,945800,4.960000038146973
2009-05-27,5.130000114440918,4.809999942779541,4.949999809265137,4.829999923706055,612400,4.829999923706055
2009-05-28,4.940000057220459,4.679999828338623,4.889999866485596,4.699999809265137,799600,4.699999809265137
2009-05-29,4.900000095367432,4.699999809265137,4.71999979019165,4.75,730800,4.75
2009-06-01,5.300000190734863,4.820000171661377,4.820000171661377,5.150000095367432,1463600,5.150000095367432
2009-06-02,5.599999904632568,5.190000057220459,5.300000190734863,5.340000152587891,1859500,5.340000152587891
2009-06-03,5.579999923706055,4.960000038146973,5.239999771118164,5.429999828338623,1911900,5.429999828338623
2009-06-04,6.0,5.409999847412109,5.440000057220459,5.889999866485596,1602300,5.889999866485596
2009-06-05,6.559999942779541,5.949999809265137,6.0,6.420000076293945,1736100,6.420000076293945
2009-06-08,6.690000057220459,6.170000076293945,6.46999979019165,6.599999904632568,1753400,6.599999904632568
2009-06-09,6.889999866485596,6.510000228881836,6.599999904632568,6.820000171661377,1332500,6.820000171661377
2009-06-10,6.900000095367432,6.489999771118164,6.900000095367432,6.670000076293945,831300,6.670000076293945
2009-06-11,6.849999904632568,6.570000171661377,6.670000076293945,6.800000190734863,1227300,6.800000190734863
2009-06-12,6.880000114440918,6.679999828338623,6.730000019073486,6.800000190734863,1007300,6.800000190734863
2009-06-15,6.760000228881836,6.260000228881836,6.739999771118164,6.309999942779541,1354800,6.309999942779541
2009-06-16,6.659999847412109,5.940000057220459,6.389999866485596,6.230000019073486,1358900,6.230000019073486
2009-06-17,6.570000171661377,6.190000057220459,6.28000020980835,6.400000095367432,1552500,6.400000095367432
2009-06-18,6.489999771118164,6.110000133514404,6.400000095367432,6.239999771118164,953900,6.239999771118164
2009-06-19,6.420000076293945,6.130000114440918,6.369999885559082,6.150000095367432,778800,6.150000095367432
2009-06-22,6.139999866485596,5.769999980926514,6.099999904632568,5.829999923706055,1150500,5.829999923706055
2009-06-23,6.119999885559082,5.699999809265137,5.880000114440918,5.75,925300,5.75
2009-06-24,6.21999979019165,5.789999961853027,5.789999961853027,6.010000228881836,1238200,6.010000228881836
2009-06-25,6.309999942779541,5.889999866485596,6.050000190734863,6.300000190734863,1278800,6.300000190734863
2009-06-26,6.880000114440918,6.059999942779541,6.269999980926514,6.610000133514404,6870700,6.610000133514404
2009-06-29,6.650000095367432,6.170000076293945,6.599999904632568,6.489999771118164,1437700,6.489999771118164
2009-06-30,6.730000019073486,6.389999866485596,6.519999980926514,6.489999771118164,1192600,6.489999771118164
2009-07-01,6.690000057220459,6.25,6.570000171661377,6.300000190734863,1318200,6.300000190734863
2009-07-02,6.25,6.0,6.170000076293945,6.03000020980835,942700,6.03000020980835
2009-07-06,6.119999885559082,5.579999923706055,5.980000019073486,5.739999771118164,1103200,5.739999771118164
2009-07-07,5.769999980926514,5.460000038146973,5.71999979019165,5.46999979019165,976400,5.46999979019165
2009-07-08,5.599999904632568,5.25,5.5,5.340000152587891,1197400,5.340000152587891
2009-07-09,5.480000019073486,5.269999980926514,5.369999885559082,5.340000152587891,825700,5.340000152587891
2009-07-10,5.510000228881836,5.269999980926514,5.28000020980835,5.400000095367432,663000,5.400000095367432
2009-07-13,5.590000152587891,5.190000057220459,5.449999809265137,5.559999942779541,780500,5.559999942779541
2009-07-14,5.889999866485596,5.550000190734863,5.550000190734863,5.71999979019165,577300,5.71999979019165
2009-07-15,6.130000114440918,5.809999942779541,5.809999942779541,6.0,1291400,6.0
2009-07-16,6.199999809265137,5.949999809265137,5.960000038146973,6.150000095367432,660100,6.150000095367432
2009-07-17,6.179999828338623,5.940000057220459,6.130000114440918,6.019999980926514,714900,6.019999980926514
2009-07-20,6.550000190734863,6.059999942779541,6.079999923706055,6.46999979019165,1000000,6.46999979019165
2009-07-21,6.550000190734863,6.179999828338623,6.5,6.380000114440918,693900,6.380000114440918
2009-07-22,6.5,6.190000057220459,6.340000152587891,6.349999904632568,1071600,6.349999904632568
2009-07-23,6.769999980926514,6.360000133514404,6.440000057220459,6.650000095367432,937600,6.650000095367432
2009-07-24,6.900000095367432,6.480000019073486,6.650000095367432,6.869999885559082,557400,6.869999885559082
2009-07-27,6.900000095367432,6.449999809265137,6.880000114440918,6.820000171661377,770300,6.820000171661377
2009-07-28,6.880000114440918,6.559999942779541,6.769999980926514,6.739999771118164,2006400,6.739999771118164
2009-07-29,6.829999923706055,6.610000133514404,6.699999809265137,6.679999828338623,913200,6.679999828338623
2009-07-30,7.480000019073486,6.610000133514404,6.739999771118164,7.119999885559082,3109500,7.119999885559082
2009-07-31,7.699999809265137,7.159999847412109,7.190000057220459,7.46999979019165,1585700,7.46999979019165
2009-08-03,7.710000038146973,7.320000171661377,7.579999923706055,7.659999847412109,987700,7.659999847412109
2009-08-04,7.960000038146973,7.519999980926514,7.579999923706055,7.929999828338623,788600,7.929999828338623
2009-08-05,7.960000038146973,7.670000076293945,7.949999809265137,7.840000152587891,845700,7.840000152587891
2009-08-06,7.960000038146973,7.659999847412109,7.960000038146973,7.820000171661377,630600,7.820000171661377
2009-08-07,8.430000305175781,7.980000019073486,8.0,8.350000381469727,1269900,8.350000381469727
2009-08-10,8.380000114440918,8.100000381469727,8.260000228881836,8.229999542236328,533900,8.229999542236328
2009-08-11,8.239999771118164,7.980000019073486,8.239999771118164,7.980000019073486,486800,7.980000019073486
2009-08-12,8.399999618530273,7.800000190734863,7.920000076293945,8.220000267028809,851800,8.220000267028809
2009-08-13,8.550000190734863,8.170000076293945,8.270000457763672,8.470000267028809,543000,8.470000267028809
2009-08-14,8.449999809265137,8.079999923706055,8.449999809265137,8.1899995803833,654400,8.1899995803833
2009-08-17,8.0,7.800000190734863,7.96999979019165,7.909999847412109,594300,7.909999847412109
2009-08-18,8.350000381469727,7.809999942779541,7.940000057220459,8.140000343322754,678100,8.140000343322754
2009-08-19,8.380000114440918,7.929999828338623,8.010000228881836,8.319999694824219,476800,8.319999694824219
2009-08-20,8.65999984741211,8.239999771118164,8.350000381469727,8.640000343322754,438400,8.640000343322754
2009-08-21,9.069999694824219,8.640000343322754,8.760000228881836,8.760000228881836,692100,8.760000228881836
2009-08-24,9.319999694824219,8.699999809265137,8.75,9.050000190734863,714100,9.050000190734863
2009-08-25,9.34000015258789,9.029999732971191,9.15999984741211,9.3100004196167,665300,9.3100004196167
2009-08-26,9.359999656677246,8.979999542236328,9.220000267028809,9.319999694824219,530700,9.319999694824219
2009-08-27,9.350000381469727,8.899999618530273,9.34000015258789,9.270000457763672,395500,9.270000457763672
2009-08-28,9.449999809265137,9.109999656677246,9.420000076293945,9.319999694824219,482200,9.319999694824219
2009-08-31,9.3100004196167,8.970000267028809,9.199999809265137,9.1899995803833,683000,9.1899995803833
2009-09-01,9.350000381469727,8.899999618530273,9.100000381469727,9.15999984741211,1719600,9.15999984741211
2009-09-02,9.260000228881836,8.729999542236328,9.100000381469727,9.210000038146973,721500,9.210000038146973
2009-09-03,9.289999961853027,8.880000114440918,9.260000228881836,9.279999732971191,846200,9.279999732971191
2009-09-04,9.369999885559082,9.079999923706055,9.260000228881836,9.319999694824219,780100,9.319999694824219
2009-09-08,9.829999923706055,9.350000381469727,9.420000076293945,9.779999732971191,1258500,9.779999732971191
2009-09-09,10.199999809265137,9.720000267028809,9.779999732971191,10.119999885559082,954600,10.119999885559082
2009-09-10,10.15999984741211,9.630000114440918,10.109999656677246,9.890000343322754,1202500,9.890000343322754
2009-09-11,10.15999984741211,9.880000114440918,9.90999984741211,10.15999984741211,887000,10.15999984741211
2009-09-14,10.819999694824219,9.899999618530273,10.079999923706055,10.8100004196167,1507100,10.8100004196167
2009-09-15,10.899999618530273,10.229999542236328,10.779999732971191,10.5600004196167,1978200,10.5600004196167
2009-09-16,11.319999694824219,10.569999694824219,10.630000114440918,10.960000038146973,1258900,10.960000038146973
2009-09-17,11.149999618530273,10.710000038146973,10.949999809265137,10.9399995803833,849000,10.9399995803833
2009-09-18,11.039999961853027,10.699999809265137,11.010000228881836,10.930000305175781,841600,10.930000305175781
2009-09-21,10.819999694824219,10.5,10.800000190734863,10.779999732971191,593900,10.779999732971191
2009-09-22,11.15999984741211,10.760000228881836,10.90999984741211,11.020000457763672,556500,11.020000457763672
2009-09-23,11.149999618530273,10.8100004196167,11.039999961853027,10.850000381469727,462000,10.850000381469727
2009-09-24,11.010000228881836,10.390000343322754,10.859999656677246,10.479999542236328,732700,10.479999542236328
2009-09-25,10.489999771118164,9.789999961853027,10.399999618530273,10.079999923706055,1165700,10.079999923706055
2009-09-28,10.6899995803833,9.970000267028809,10.119999885559082,10.539999961853027,917400,10.539999961853027
2009-09-29,10.890000343322754,10.4399995803833,10.479999542236328,10.760000228881836,518800,10.760000228881836
2009-09-30,10.850000381469727,10.0600004196167,10.800000190734863,10.300000190734863,769800,10.300000190734863
2009-10-01,10.270000457763672,9.680000305175781,10.229999542236328,9.729999542236328,945600,9.729999542236328
2009-10-02,9.729999542236328,9.109999656677246,9.649999618530273,9.449999809265137,972800,9.449999809265137
2009-10-05,9.75,9.390000343322754,9.5,9.609999656677246,678900,9.609999656677246
2009-10-06,10.100000381469727,9.59000015258789,9.699999809265137,9.800000190734863,636500,9.800000190734863
2009-10-07,9.800000190734863,9.40999984741211,9.729999542236328,9.460000038146973,484700,9.460000038146973
2009-10-08,10.069999694824219,9.5,9.550000190734863,9.84000015258789,787900,9.84000015258789
2009-10-09,10.0,9.75,9.859999656677246,9.9399995803833,383900,9.9399995803833
2009-10-12,10.350000381469727,9.920000076293945,9.920000076293945,10.15999984741211,514400,10.15999984741211
2009-10-13,10.350000381469727,9.789999961853027,10.170000076293945,10.229999542236328,773900,10.229999542236328
2009-10-14,10.920000076293945,10.239999771118164,10.399999618530273,10.899999618530273,865400,10.899999618530273
2009-10-15,10.949999809265137,10.529999732971191,10.75,10.829999923706055,678200,10.829999923706055
2009-10-16,10.930000305175781,10.220000267028809,10.720000267028809,10.819999694824219,818000,10.819999694824219
2009-10-19,11.100000381469727,10.819999694824219,10.989999771118164,10.899999618530273,501500,10.899999618530273
2009-10-20,11.140000343322754,10.529999732971191,10.890000343322754,10.930000305175781,576300,10.930000305175781
2009-10-21,11.529999732971191,10.920000076293945,10.920000076293945,10.960000038146973,832500,10.960000038146973
2009-10-22,11.130000114440918,10.59000015258789,10.979999542236328,11.029999732971191,627000,11.029999732971191
2009-10-23,11.140000343322754,10.449999809265137,11.069999694824219,10.5600004196167,595300,10.5600004196167
2009-10-26,11.039999961853027,9.9399995803833,10.649999618530273,10.029999732971191,819900,10.029999732971191
2009-10-27,10.149999618530273,9.789999961853027,10.0,9.970000267028809,615300,9.970000267028809
2009-10-28,10.0,9.15999984741211,10.0,9.1899995803833,770300,9.1899995803833
2009-10-29,10.289999961853027,9.25,9.34000015258789,9.890000343322754,2018800,9.890000343322754
2009-10-30,10.0600004196167,9.489999771118164,9.930000305175781,9.489999771118164,1175200,9.489999771118164
2009-11-02,9.640000343322754,8.949999809265137,9.529999732971191,9.119999885559082,816900,9.119999885559082
2009-11-03,9.4399995803833,9.039999961853027,9.069999694824219,9.420000076293945,741800,9.420000076293945
2009-11-04,9.649999618530273,9.260000228881836,9.539999961853027,9.270000457763672,491800,9.270000457763672
2009-11-05,9.779999732971191,9.289999961853027,9.350000381469727,9.770000457763672,438300,9.770000457763672
2009-11-06,9.850000381469727,9.470000267028809,9.529999732971191,9.699999809265137,352400,9.699999809265137
2009-11-09,10.079999923706055,9.720000267028809,9.800000190734863,9.869999885559082,531500,9.869999885559082
2009-11-10,9.260000228881836,8.760000228881836,8.989999771118164,8.890000343322754,3452200,8.890000343322754
2009-11-11,8.890000343322754,8.619999885559082,8.800000190734863,8.710000038146973,6629600,8.710000038146973
2009-11-12,8.829999923706055,8.609999656677246,8.680000305175781,8.6899995803833,3863300,8.6899995803833
2009-11-13,9.020000457763672,8.65999984741211,8.760000228881836,8.920000076293945,1666300,8.920000076293945
2009-11-16,9.729999542236328,9.199999809265137,9.569999694824219,9.300000190734863,2319700,9.300000190734863
2009-11-17,9.479999542236328,9.100000381469727,9.300000190734863,9.350000381469727,722100,9.350000381469727
2009-11-18,9.789999961853027,9.25,9.399999618530273,9.59000015258789,1421800,9.59000015258789
2009-11-19,9.649999618530273,9.260000228881836,9.579999923706055,9.539999961853027,1697300,9.539999961853027
2009-11-20,9.770000457763672,9.079999923706055,9.4399995803833,9.640000343322754,2178600,9.640000343322754
2009-11-23,9.869999885559082,9.449999809265137,9.699999809265137,9.520000457763672,1532300,9.520000457763672
2009-11-24,9.5,8.850000381469727,9.489999771118164,9.079999923706055,2793300,9.079999923706055
2009-11-25,9.670000076293945,9.119999885559082,9.130000114440918,9.600000381469727,975100,9.600000381469727
2009-11-27,9.479999542236328,9.050000190734863,9.289999961853027,9.1899995803833,352000,9.1899995803833
2009-11-30,9.279999732971191,8.899999618530273,9.149999618530273,9.220000267028809,767600,9.220000267028809
2009-12-01,9.479999542236328,9.119999885559082,9.350000381469727,9.229999542236328,706400,9.229999542236328
2009-12-02,9.600000381469727,9.210000038146973,9.210000038146973,9.329999923706055,965000,9.329999923706055
2009-12-03,9.75,9.289999961853027,9.420000076293945,9.399999618530273,929800,9.399999618530273
2009-12-04,9.800000190734863,9.319999694824219,9.670000076293945,9.489999771118164,1256300,9.489999771118164
2009-12-07,10.039999961853027,9.489999771118164,9.520000457763672,9.970000267028809,1373500,9.970000267028809
2009-12-08,9.9399995803833,9.59000015258789,9.8100004196167,9.800000190734863,873300,9.800000190734863
2009-12-09,9.84000015258789,9.329999923706055,9.8100004196167,9.800000190734863,778800,9.800000190734863
2009-12-10,9.979999542236328,9.619999885559082,9.880000114440918,9.739999771118164,732600,9.739999771118164
2009-12-11,10.109999656677246,9.829999923706055,9.859999656677246,10.020000457763672,960400,10.020000457763672
2009-12-14,10.199999809265137,9.800000190734863,9.989999771118164,9.970000267028809,360500,9.970000267028809
2009-12-15,10.15999984741211,9.859999656677246,9.899999618530273,9.949999809265137,596000,9.949999809265137
2009-12-16,10.180000305175781,9.84000015258789,10.109999656677246,9.989999771118164,825100,9.989999771118164
2009-12-17,9.989999771118164,9.569999694824219,9.819999694824219,9.680000305175781,648900,9.680000305175781
2009-12-18,9.829999923706055,9.539999961853027,9.829999923706055,9.779999732971191,1289600,9.779999732971191
2009-12-21,10.039999961853027,9.819999694824219,9.9399995803833,10.0,670600,10.0
2009-12-22,10.229999542236328,10.010000228881836,10.0600004196167,10.1899995803833,715100,10.1899995803833
2009-12-23,10.289999961853027,9.960000038146973,10.149999618530273,10.229999542236328,617600,10.229999542236328
2009-12-24,10.319999694824219,10.130000114440918,10.1899995803833,10.260000228881836,334800,10.260000228881836
2009-12-28,10.369999885559082,10.020000457763672,10.319999694824219,10.140000343322754,520100,10.140000343322754
2009-12-29,10.210000038146973,10.029999732971191,10.149999618530273,10.0600004196167,508900,10.0600004196167
2009-12-30,10.050000190734863,9.729999542236328,9.920000076293945,9.989999771118164,893700,9.989999771118164
2009-12-31,10.09000015258789,9.770000457763672,9.989999771118164,9.8100004196167,779800,9.8100004196167
2010-01-04,10.130000114440918,9.789999961853027,9.920000076293945,10.039999961853027,1692500,10.039999961853027
2010-01-05,10.039999961853027,9.800000190734863,10.039999961853027,9.930000305175781,1459200,9.930000305175781
2010-01-06,9.970000267028809,9.6899995803833,9.899999618530273,9.930000305175781,1072900,9.930000305175781
2010-01-07,9.979999542236328,9.729999542236328,9.869999885559082,9.800000190734863,2052800,9.800000190734863
2010-01-08,9.850000381469727,9.520000457763672,9.779999732971191,9.579999923706055,1399000,9.579999923706055
2010-01-11,9.649999618530273,9.289999961853027,9.609999656677246,9.300000190734863,1570800,9.300000190734863
2010-01-12,9.319999694824219,8.970000267028809,9.300000190734863,9.140000343322754,1666600,9.140000343322754
2010-01-13,9.210000038146973,8.850000381469727,9.15999984741211,8.960000038146973,3644500,8.960000038146973
2010-01-14,9.0,8.869999885559082,8.970000267028809,8.979999542236328,1102000,8.979999542236328
2010-01-15,9.149999618530273,8.90999984741211,9.029999732971191,9.140000343322754,1683000,9.140000343322754
2010-01-19,9.329999923706055,9.100000381469727,9.1899995803833,9.279999732971191,1929300,9.279999732971191
2010-01-20,9.279999732971191,9.0,9.199999809265137,9.25,1465700,9.25
2010-01-21,9.279999732971191,8.729999542236328,9.279999732971191,8.800000190734863,2489400,8.800000190734863
2010-01-22,8.869999885559082,8.449999809265137,8.729999542236328,8.489999771118164,4160800,8.489999771118164
2010-01-25,8.75,8.359999656677246,8.5600004196167,8.619999885559082,3592100,8.619999885559082
2010-01-26,8.770000457763672,8.430000305175781,8.59000015258789,8.5,1005900,8.5
2010-01-27,8.510000228881836,8.260000228881836,8.489999771118164,8.34000015258789,2403900,8.34000015258789
2010-01-28,8.4399995803833,8.180000305175781,8.34000015258789,8.329999923706055,2354300,8.329999923706055
2010-01-29,8.430000305175781,8.010000228881836,8.300000190734863,8.010000228881836,1727100,8.010000228881836
2010-02-01,8.4399995803833,8.050000190734863,8.0600004196167,8.380000114440918,1465500,8.380000114440918
2010-02-02,8.609999656677246,8.25,8.369999885559082,8.460000038146973,1937000,8.460000038146973
2010-02-03,8.5,8.149999618530273,8.420000076293945,8.3100004196167,1484000,8.3100004196167
2010-02-04,8.199999809265137,7.289999961853027,8.180000305175781,7.380000114440918,4219100,7.380000114440918
2010-02-05,7.429999828338623,7.130000114440918,7.329999923706055,7.380000114440918,2973700,7.380000114440918
2010-02-08,7.53000020980835,7.25,7.380000114440918,7.409999847412109,2475700,7.409999847412109
2010-02-09,7.809999942779541,7.340000152587891,7.539999961853027,7.539999961853027,1831000,7.539999961853027
2010-02-10,7.599999904632568,7.179999828338623,7.5,7.28000020980835,1747300,7.28000020980835
2010-02-11,7.300000190734863,7.03000020980835,7.25,7.079999923706055,2456200,7.079999923706055
2010-02-12,7.099999904632568,6.989999771118164,7.03000020980835,7.070000171661377,1658700,7.070000171661377
2010-02-16,7.199999809265137,7.03000020980835,7.139999866485596,7.139999866485596,1078700,7.139999866485596
2010-02-17,7.210000038146973,7.019999980926514,7.150000095367432,7.159999847412109,981700,7.159999847412109
2010-02-18,7.170000076293945,6.929999828338623,7.139999866485596,7.019999980926514,1175100,7.019999980926514
2010-02-19,7.059999942779541,6.869999885559082,6.960000038146973,7.03000020980835,2765200,7.03000020980835
2010-02-22,7.460000038146973,6.989999771118164,7.090000152587891,7.440000057220459,2207600,7.440000057220459
2010-02-23,7.46999979019165,7.239999771118164,7.440000057220459,7.289999961853027,991200,7.289999961853027
2010-02-24,7.460000038146973,7.25,7.300000190734863,7.360000133514404,1566200,7.360000133514404
2010-02-25,7.320000171661377,7.03000020980835,7.230000019073486,7.28000020980835,1366600,7.28000020980835
2010-02-26,7.599999904632568,7.210000038146973,7.269999980926514,7.550000190734863,1162300,7.550000190734863
2010-03-01,7.96999979019165,7.559999942779541,7.570000171661377,7.800000190734863,1881800,7.800000190734863
2010-03-02,8.149999618530273,7.800000190734863,7.860000133514404,8.020000457763672,2345000,8.020000457763672
2010-03-03,8.1899995803833,7.670000076293945,8.039999961853027,7.760000228881836,1627000,7.760000228881836
2010-03-04,7.929999828338623,7.679999828338623,7.730000019073486,7.869999885559082,714000,7.869999885559082
2010-03-05,8.3100004196167,7.920000076293945,8.0,8.279999732971191,1420600,8.279999732971191
2010-03-08,8.350000381469727,8.109999656677246,8.289999961853027,8.180000305175781,633600,8.180000305175781
2010-03-09,8.489999771118164,8.109999656677246,8.109999656677246,8.390000343322754,939300,8.390000343322754
2010-03-10,8.640000343322754,8.289999961853027,8.380000114440918,8.5,1249500,8.5
2010-03-11,8.520000457763672,8.109999656677246,8.289999961853027,8.470000267028809,556800,8.470000267028809
2010-03-12,8.5,8.260000228881836,8.479999542236328,8.420000076293945,528700,8.420000076293945
2010-03-15,8.420000076293945,8.130000114440918,8.34000015258789,8.25,713100,8.25
2010-03-16,8.3100004196167,8.170000076293945,8.289999961853027,8.25,330800,8.25
2010-03-17,8.329999923706055,8.170000076293945,8.25,8.25,567900,8.25
2010-03-18,8.300000190734863,8.109999656677246,8.25,8.140000343322754,396600,8.140000343322754
2010-03-19,8.279999732971191,7.940000057220459,7.960000038146973,7.960000038146973,836200,7.960000038146973
2010-03-22,8.149999618530273,7.829999923706055,7.880000114440918,7.96999979019165,879000,7.96999979019165
2010-03-23,8.40999984741211,8.0,8.0,8.390000343322754,1027100,8.390000343322754
2010-03-24,8.489999771118164,8.25,8.350000381469727,8.460000038146973,1103400,8.460000038146973
2010-03-25,8.699999809265137,8.40999984741211,8.520000457763672,8.40999984741211,1027800,8.40999984741211
2010-03-26,8.649999618530273,8.3100004196167,8.369999885559082,8.399999618530273,695100,8.399999618530273
2010-03-29,9.100000381469727,8.40999984741211,8.5,9.0,2384100,9.0
2010-03-30,9.4399995803833,9.020000457763672,9.050000190734863,9.399999618530273,3247300,9.399999618530273
2010-03-31,9.619999885559082,9.170000076293945,9.369999885559082,9.380000114440918,1734600,9.380000114440918
2010-04-01,9.5600004196167,9.260000228881836,9.510000228881836,9.270000457763672,1442000,9.270000457763672
2010-04-05,9.640000343322754,9.260000228881836,9.300000190734863,9.600000381469727,1275300,9.600000381469727
2010-04-06,9.800000190734863,9.479999542236328,9.5600004196167,9.739999771118164,2087900,9.739999771118164
2010-04-07,10.0,9.649999618530273,9.649999618530273,9.829999923706055,1754900,9.829999923706055
2010-04-08,9.859999656677246,9.390000343322754,9.6899995803833,9.819999694824219,2041300,9.819999694824219
2010-04-09,10.479999542236328,9.760000228881836,9.829999923706055,10.460000038146973,3694700,10.460000038146973
2010-04-12,10.449999809265137,10.15999984741211,10.369999885559082,10.199999809265137,1985800,10.199999809265137
2010-04-13,10.539999961853027,10.119999885559082,10.220000267028809,10.470000267028809,1783000,10.470000267028809
2010-04-14,10.84000015258789,10.420000076293945,10.5,10.779999732971191,1508000,10.779999732971191
2010-04-15,11.050000190734863,10.710000038146973,10.710000038146973,10.9399995803833,2356000,10.9399995803833
2010-04-16,11.020000457763672,10.529999732971191,10.859999656677246,10.630000114440918,1306700,10.630000114440918
2010-04-19,10.800000190734863,10.529999732971191,10.529999732971191,10.729999542236328,1309700,10.729999542236328
2010-04-20,10.930000305175781,10.539999961853027,10.770000457763672,10.729999542236328,2109700,10.729999542236328
2010-04-21,10.760000228881836,10.350000381469727,10.75,10.699999809265137,1882300,10.699999809265137
2010-04-22,12.609999656677246,10.449999809265137,10.649999618530273,12.510000228881836,6920000,12.510000228881836
2010-04-23,13.350000381469727,12.420000076293945,12.489999771118164,13.140000343322754,3902600,13.140000343322754
2010-04-26,13.9399995803833,13.079999923706055,13.079999923706055,13.819999694824219,3153400,13.819999694824219
2010-04-27,13.949999809265137,13.130000114440918,13.75,13.220000267028809,3916900,13.220000267028809
2010-04-28,13.829999923706055,13.119999885559082,13.350000381469727,13.300000190734863,1827400,13.300000190734863
2010-04-29,14.6899995803833,13.329999923706055,13.329999923706055,14.460000038146973,4978600,14.460000038146973
2010-04-30,14.789999961853027,14.329999923706055,14.4399995803833,14.359999656677246,2752800,14.359999656677246
2010-05-03,14.699999809265137,14.3100004196167,14.479999542236328,14.59000015258789,1403700,14.59000015258789
2010-05-04,14.270000457763672,13.699999809265137,14.270000457763672,13.899999618530273,2395700,13.899999618530273
2010-05-05,13.800000190734863,13.140000343322754,13.59000015258789,13.300000190734863,2699200,13.300000190734863
2010-05-06,13.600000381469727,11.369999885559082,13.130000114440918,12.579999923706055,1824200,12.579999923706055
2010-05-07,12.75,11.989999771118164,12.600000381469727,12.119999885559082,2860700,12.119999885559082
2010-05-10,13.479999542236328,12.579999923706055,12.579999923706055,13.34000015258789,1794600,13.34000015258789
2010-05-11,13.899999618530273,12.880000114440918,13.100000381469727,13.460000038146973,1740400,13.460000038146973
2010-05-12,14.289999961853027,13.510000228881836,13.510000228881836,14.010000228881836,2087600,14.010000228881836
2010-05-13,14.550000190734863,13.90999984741211,14.010000228881836,14.199999809265137,1554100,14.199999809265137
2010-05-14,14.119999885559082,13.270000457763672,14.020000457763672,13.5600004196167,1534500,13.5600004196167
2010-05-17,13.920000076293945,12.920000076293945,13.65999984741211,13.380000114440918,1138500,13.380000114440918
2010-05-18,13.84000015258789,13.170000076293945,13.5,13.3100004196167,1464900,13.3100004196167
2010-05-19,13.430000305175781,12.369999885559082,13.430000305175781,12.609999656677246,2051300,12.609999656677246
2010-05-20,12.420000076293945,11.609999656677246,12.149999618530273,11.609999656677246,3012800,11.609999656677246
2010-05-21,12.210000038146973,11.199999809265137,11.399999618530273,11.8100004196167,2038300,11.8100004196167
2010-05-24,12.279999732971191,11.770000457763672,11.770000457763672,11.890000343322754,1598100,11.890000343322754
2010-05-25,11.510000228881836,10.880000114440918,11.34000015258789,11.510000228881836,2319100,11.510000228881836
2010-05-26,12.170000076293945,11.510000228881836,11.550000190734863,11.699999809265137,1302600,11.699999809265137
2010-05-27,12.40999984741211,11.850000381469727,12.050000190734863,12.40999984741211,1229200,12.40999984741211
2010-05-28,12.609999656677246,12.079999923706055,12.329999923706055,12.149999618530273,1409400,12.149999618530273
2010-06-01,12.630000114440918,11.699999809265137,12.0,12.210000038146973,2426000,12.210000038146973
2010-06-02,12.619999885559082,12.229999542236328,12.359999656677246,12.619999885559082,1069400,12.619999885559082
2010-06-03,12.699999809265137,12.289999961853027,12.479999542236328,12.550000190734863,737900,12.550000190734863
2010-06-04,12.329999923706055,11.640000343322754,12.180000305175781,11.649999618530273,1570100,11.649999618530273
2010-06-07,11.800000190734863,11.079999923706055,11.65999984741211,11.170000076293945,1589400,11.170000076293945
2010-06-08,11.40999984741211,10.770000457763672,11.25,10.829999923706055,1615200,10.829999923706055
2010-06-09,11.630000114440918,10.869999885559082,10.90999984741211,10.970000267028809,3338700,10.970000267028809
2010-06-10,11.460000038146973,11.140000343322754,11.229999542236328,11.399999618530273,1561500,11.399999618530273
2010-06-11,11.699999809265137,11.0,11.119999885559082,11.699999809265137,2465000,11.699999809265137
2010-06-14,12.220000267028809,11.760000228881836,11.930000305175781,11.829999923706055,1067700,11.829999923706055
2010-06-15,12.649999618530273,11.90999984741211,12.0,12.609999656677246,2409800,12.609999656677246
2010-06-16,12.739999771118164,12.300000190734863,12.5,12.630000114440918,1202000,12.630000114440918
2010-06-17,12.699999809265137,12.170000076293945,12.640000343322754,12.520000457763672,812400,12.520000457763672
2010-06-18,12.770000457763672,11.920000076293945,12.569999694824219,12.479999542236328,1176300,12.479999542236328
2010-06-21,13.069999694824219,12.09000015258789,12.75,12.229999542236328,933500,12.229999542236328
2010-06-22,12.390000343322754,11.4399995803833,12.239999771118164,11.520000457763672,1422000,11.520000457763672
2010-06-23,11.5600004196167,10.829999923706055,11.5600004196167,10.979999542236328,2276500,10.979999542236328
2010-06-24,10.9399995803833,10.430000305175781,10.800000190734863,10.460000038146973,2131500,10.460000038146973
2010-06-25,10.760000228881836,10.130000114440918,10.460000038146973,10.680000305175781,2535500,10.680000305175781
2010-06-28,10.920000076293945,10.5,10.6899995803833,10.529999732971191,1034200,10.529999732971191
2010-06-29,10.239999771118164,9.390000343322754,10.229999542236328,9.510000228881836,3178800,9.510000228881836
2010-06-30,9.75,9.279999732971191,9.529999732971191,9.319999694824219,1350900,9.319999694824219
2010-07-01,9.350000381469727,8.550000190734863,9.319999694824219,8.90999984741211,2975300,8.90999984741211
2010-07-02,8.989999771118164,8.430000305175781,8.989999771118164,8.529999732971191,1500500,8.529999732971191
2010-07-06,8.869999885559082,8.199999809265137,8.75,8.289999961853027,2416900,8.289999961853027
2010-07-07,8.930000305175781,8.220000267028809,8.34000015258789,8.829999923706055,1554900,8.829999923706055
2010-07-08,9.119999885559082,8.869999885559082,8.949999809265137,9.100000381469727,1164500,9.100000381469727
2010-07-09,9.84000015258789,9.210000038146973,9.239999771118164,9.59000015258789,2278500,9.59000015258789
2010-07-12,9.710000038146973,9.270000457763672,9.520000457763672,9.510000228881836,939300,9.510000228881836
2010-07-13,10.300000190734863,9.720000267028809,9.770000457763672,10.170000076293945,2335000,10.170000076293945
2010-07-14,10.460000038146973,10.010000228881836,10.010000228881836,10.430000305175781,1939900,10.430000305175781
2010-07-15,10.609999656677246,10.140000343322754,10.420000076293945,10.569999694824219,2146300,10.569999694824219
2010-07-16,10.5,10.130000114440918,10.4399995803833,10.25,2535300,10.25
2010-07-19,10.399999618530273,10.0600004196167,10.3100004196167,10.399999618530273,2388200,10.399999618530273
2010-07-20,10.609999656677246,10.050000190734863,10.149999618530273,10.569999694824219,2442100,10.569999694824219
2010-07-21,12.3100004196167,11.529999732971191,11.930000305175781,11.850000381469727,10937000,11.850000381469727
2010-07-22,12.789999961853027,11.859999656677246,11.859999656677246,12.5,4350700,12.5
2010-07-23,12.899999618530273,12.390000343322754,12.399999618530273,12.850000381469727,2476900,12.850000381469727
2010-07-26,13.670000076293945,12.710000038146973,12.779999732971191,13.220000267028809,2563200,13.220000267028809
2010-07-27,13.569999694824219,12.859999656677246,13.430000305175781,13.100000381469727,1797600,13.100000381469727
2010-07-28,13.229999542236328,12.6899995803833,13.069999694824219,12.760000228881836,2351600,12.760000228881836
2010-07-29,13.430000305175781,12.75,12.970000267028809,13.109999656677246,2285100,13.109999656677246
2010-07-30,13.380000114440918,12.729999542236328,12.850000381469727,13.180000305175781,1341400,13.180000305175781
2010-08-02,13.699999809265137,13.1899995803833,13.520000457763672,13.369999885559082,1379700,13.369999885559082
2010-08-03,13.609999656677246,13.0600004196167,13.199999809265137,13.399999618530273,1773000,13.399999618530273
2010-08-04,13.979999542236328,13.390000343322754,13.399999618530273,13.890000343322754,1685400,13.890000343322754
2010-08-05,13.6899995803833,13.279999732971191,13.6899995803833,13.40999984741211,1312700,13.40999984741211
2010-08-06,13.680000305175781,12.899999618530273,13.420000076293945,13.470000267028809,1310500,13.470000267028809
2010-08-09,13.760000228881836,13.430000305175781,13.569999694824219,13.729999542236328,723500,13.729999542236328
2010-08-10,13.630000114440918,12.890000343322754,13.460000038146973,13.210000038146973,1202000,13.210000038146973
2010-08-11,12.779999732971191,12.15999984741211,12.770000457763672,12.260000228881836,1790100,12.260000228881836
2010-08-12,12.119999885559082,11.6899995803833,11.930000305175781,12.09000015258789,3415700,12.09000015258789
2010-08-13,12.170000076293945,11.930000305175781,12.0,12.029999732971191,713800,12.029999732971191
2010-08-16,12.350000381469727,11.8100004196167,11.859999656677246,12.260000228881836,894700,12.260000228881836
2010-08-17,12.890000343322754,12.359999656677246,12.449999809265137,12.619999885559082,837800,12.619999885559082
2010-08-18,13.079999923706055,12.329999923706055,12.539999961853027,12.949999809265137,1137200,12.949999809265137
2010-08-19,12.880000114440918,12.550000190734863,12.850000381469727,12.800000190734863,1379800,12.800000190734863
2010-08-20,12.880000114440918,12.350000381469727,12.6899995803833,12.40999984741211,1118200,12.40999984741211
2010-08-23,12.729999542236328,11.890000343322754,12.600000381469727,11.930000305175781,1538400,11.930000305175781
2010-08-24,11.819999694824219,11.329999923706055,11.680000305175781,11.609999656677246,1234300,11.609999656677246
2010-08-25,11.579999923706055,11.109999656677246,11.40999984741211,11.5,982700,11.5
2010-08-26,11.890000343322754,11.260000228881836,11.529999732971191,11.3100004196167,658800,11.3100004196167
2010-08-27,11.890000343322754,11.039999961853027,11.479999542236328,11.84000015258789,948800,11.84000015258789
2010-08-30,11.770000457763672,11.220000267028809,11.699999809265137,11.229999542236328,1028100,11.229999542236328
2010-08-31,11.430000305175781,10.890000343322754,11.119999885559082,11.25,1071100,11.25
2010-09-01,11.949999809265137,11.300000190734863,11.479999542236328,11.930000305175781,2020700,11.930000305175781
2010-09-02,12.460000038146973,11.819999694824219,11.920000076293945,12.390000343322754,1057200,12.390000343322754
2010-09-03,13.079999923706055,12.699999809265137,12.75,12.930000305175781,1624400,12.930000305175781
2010-09-07,12.920000076293945,12.600000381469727,12.8100004196167,12.640000343322754,1043400,12.640000343322754
2010-09-08,13.170000076293945,12.59000015258789,12.65999984741211,13.0600004196167,1261400,13.0600004196167
2010-09-09,13.520000457763672,13.0600004196167,13.350000381469727,13.109999656677246,726600,13.109999656677246
2010-09-10,13.770000457763672,13.09000015258789,13.140000343322754,13.65999984741211,1079100,13.65999984741211
2010-09-13,14.050000190734863,13.720000267028809,13.779999732971191,13.800000190734863,1561100,13.800000190734863
2010-09-14,14.069999694824219,13.510000228881836,13.729999542236328,13.970000267028809,1301600,13.970000267028809
2010-09-15,14.029999732971191,13.6899995803833,13.90999984741211,13.949999809265137,718800,13.949999809265137
2010-09-16,14.0,13.4399995803833,13.890000343322754,13.890000343322754,1020600,13.890000343322754
2010-09-17,14.279999732971191,13.710000038146973,14.010000228881836,14.010000228881836,1344100,14.010000228881836
2010-09-20,14.520000457763672,13.9399995803833,14.09000015258789,14.479999542236328,1256900,14.479999542236328
2010-09-21,14.899999618530273,14.34000015258789,14.5,14.380000114440918,1658600,14.380000114440918
2010-09-22,14.619999885559082,14.25,14.270000457763672,14.350000381469727,1209900,14.350000381469727
2010-09-23,14.529999732971191,13.920000076293945,14.130000114440918,14.0600004196167,1038000,14.0600004196167
2010-09-24,14.529999732971191,14.34000015258789,14.350000381469727,14.520000457763672,2190300,14.520000457763672
2010-09-27,14.75,14.420000076293945,14.550000190734863,14.630000114440918,1775200,14.630000114440918
2010-09-28,14.819999694824219,14.289999961853027,14.630000114440918,14.800000190734863,1729800,14.800000190734863
2010-09-29,14.899999618530273,14.449999809265137,14.739999771118164,14.789999961853027,1395100,14.789999961853027
2010-09-30,15.40999984741211,14.479999542236328,14.90999984741211,14.84000015258789,1364600,14.84000015258789
2010-10-01,15.109999656677246,14.569999694824219,14.979999542236328,14.949999809265137,1378700,14.949999809265137
2010-10-04,15.010000228881836,14.460000038146973,14.90999984741211,14.529999732971191,1733000,14.529999732971191
2010-10-05,14.989999771118164,14.59000015258789,14.779999732971191,14.869999885559082,2638300,14.869999885559082
2010-10-06,15.050000190734863,14.479999542236328,14.890000343322754,14.6899995803833,2252800,14.6899995803833
2010-10-07,14.989999771118164,14.489999771118164,14.829999923706055,14.890000343322754,2207500,14.890000343322754
2010-10-08,15.279999732971191,14.680000305175781,14.880000114440918,14.779999732971191,2904800,14.779999732971191
2010-10-11,15.300000190734863,14.699999809265137,14.819999694824219,15.050000190734863,2683800,15.050000190734863
2010-10-12,16.260000228881836,15.1899995803833,15.1899995803833,16.06999969482422,6336100,16.06999969482422
2010-10-13,16.709999084472656,16.100000381469727,16.270000457763672,16.440000534057617,3533100,16.440000534057617
2010-10-14,16.489999771118164,15.920000076293945,16.469999313354492,16.459999084472656,1480100,16.459999084472656
2010-10-15,16.950000762939453,16.1200008392334,16.850000381469727,16.280000686645508,1603600,16.280000686645508
2010-10-18,16.75,16.1200008392334,16.280000686645508,16.65999984741211,1507500,16.65999984741211
2010-10-19,16.3799991607666,15.789999961853027,16.360000610351562,16.0,2454000,16.0
2010-10-20,18.0,16.75,17.229999542236328,17.600000381469727,8971100,17.600000381469727
2010-10-21,18.690000534057617,17.690000534057617,17.899999618530273,18.31999969482422,6289600,18.31999969482422
2010-10-22,18.530000686645508,17.75,18.329999923706055,18.469999313354492,2660700,18.469999313354492
2010-10-25,19.030000686645508,18.520000457763672,18.610000610351562,18.860000610351562,3107200,18.860000610351562
2010-10-26,19.1299991607666,18.440000534057617,18.68000030517578,18.600000381469727,1725200,18.600000381469727
2010-10-27,18.940000534057617,18.270000457763672,18.520000457763672,18.8700008392334,1414200,18.8700008392334
2010-10-28,19.139999389648438,18.459999084472656,19.059999465942383,18.5,1913200,18.5
2010-10-29,18.8700008392334,18.299999237060547,18.43000030517578,18.790000915527344,728600,18.790000915527344
2010-11-01,19.260000228881836,18.719999313354492,18.979999542236328,18.940000534057617,1609400,18.940000534057617
2010-11-02,19.549999237060547,19.100000381469727,19.270000457763672,19.3700008392334,1388500,19.3700008392334
2010-11-03,19.549999237060547,19.06999969482422,19.399999618530273,19.360000610351562,1184400,19.360000610351562
2010-11-04,20.1299991607666,19.56999969482422,19.700000762939453,19.940000534057617,1438000,19.940000534057617
2010-11-05,20.299999237060547,19.799999237060547,20.049999237060547,20.059999465942383,1287800,20.059999465942383
2010-11-08,20.3799991607666,19.809999465942383,19.8799991607666,20.34000015258789,949800,20.34000015258789
2010-11-09,20.75,20.0,20.489999771118164,20.18000030517578,1311300,20.18000030517578
2010-11-10,20.399999618530273,19.709999084472656,20.1299991607666,20.3799991607666,894700,20.3799991607666
2010-11-11,20.34000015258789,19.579999923706055,19.950000762939453,20.219999313354492,1649400,20.219999313354492
2010-11-12,20.520000457763672,19.239999771118164,20.030000686645508,19.639999389648438,3095900,19.639999389648438
2010-11-15,20.450000762939453,19.75,19.889999389648438,19.780000686645508,1953000,19.780000686645508
2010-11-16,19.809999465942383,18.850000381469727,19.809999465942383,19.059999465942383,2246300,19.059999465942383
2010-11-17,19.760000228881836,19.049999237060547,19.049999237060547,19.59000015258789,1549600,19.59000015258789
2010-11-18,20.280000686645508,19.829999923706055,20.149999618530273,19.84000015258789,1330600,19.84000015258789
2010-11-19,20.06999969482422,19.639999389648438,19.729999542236328,19.8700008392334,743700,19.8700008392334
2010-11-22,19.969999313354492,19.489999771118164,19.68000030517578,19.90999984741211,925300,19.90999984741211
2010-11-23,20.010000228881836,19.43000030517578,19.530000686645508,19.84000015258789,1626600,19.84000015258789
2010-11-24,20.770000457763672,19.989999771118164,20.059999465942383,20.6200008392334,980400,20.6200008392334
2010-11-26,20.690000534057617,20.059999465942383,20.139999389648438,20.549999237060547,359400,20.549999237060547
2010-11-29,20.56999969482422,19.850000381469727,20.3799991607666,20.190000534057617,883400,20.190000534057617
2010-11-30,20.09000015258789,19.389999389648438,19.850000381469727,19.6200008392334,1172100,19.6200008392334
2010-12-01,20.399999618530273,19.809999465942383,20.139999389648438,20.219999313354492,1154100,20.219999313354492
2010-12-02,20.920000076293945,20.260000228881836,20.309999465942383,20.799999237060547,1454000,20.799999237060547
2010-12-03,21.530000686645508,20.540000915527344,20.6200008392334,21.40999984741211,1209200,21.40999984741211
2010-12-06,21.790000915527344,21.209999084472656,21.219999313354492,21.6299991607666,953400,21.6299991607666
2010-12-07,22.299999237060547,21.459999084472656,22.0,21.610000610351562,2562200,21.610000610351562
2010-12-08,23.1200008392334,21.860000610351562,22.040000915527344,22.65999984741211,2649000,22.65999984741211
2010-12-09,23.399999618530273,22.670000076293945,22.950000762939453,23.079999923706055,2953600,23.079999923706055
2010-12-10,23.690000534057617,23.010000228881836,23.219999313354492,23.510000228881836,1348100,23.510000228881836
2010-12-13,23.649999618530273,22.56999969482422,23.600000381469727,22.65999984741211,1674000,22.65999984741211
2010-12-14,23.1200008392334,22.389999389648438,22.889999389648438,22.459999084472656,1251100,22.459999084472656
2010-12-15,22.729999542236328,21.6299991607666,22.459999084472656,21.950000762939453,1492400,21.950000762939453
2010-12-16,22.670000076293945,21.8700008392334,21.959999084472656,22.5,1334100,22.5
2010-12-17,22.56999969482422,22.0,22.56999969482422,22.15999984741211,1271800,22.15999984741211
2010-12-20,22.3700008392334,21.93000030517578,22.290000915527344,22.260000228881836,776100,22.260000228881836
2010-12-21,22.950000762939453,21.579999923706055,21.65999984741211,22.829999923706055,1150900,22.829999923706055
2010-12-22,23.059999465942383,22.31999969482422,22.90999984741211,22.649999618530273,1036400,22.649999618530273
2010-12-23,22.90999984741211,22.479999542236328,22.780000686645508,22.75,805400,22.75
2010-12-27,22.829999923706055,22.360000610351562,22.600000381469727,22.719999313354492,541800,22.719999313354492
2010-12-28,22.770000457763672,22.3700008392334,22.739999771118164,22.709999084472656,878500,22.709999084472656
2010-12-29,22.989999771118164,22.549999237060547,22.739999771118164,22.719999313354492,803900,22.719999313354492
2010-12-30,22.989999771118164,22.600000381469727,22.649999618530273,22.75,568600,22.75
2010-12-31,23.040000915527344,22.670000076293945,22.700000762939453,22.75,610200,22.75
2011-01-03,23.239999771118164,22.65999984741211,23.139999389648438,22.8700008392334,1560400,22.8700008392334
2011-01-04,23.770000457763672,22.8700008392334,23.1200008392334,23.690000534057617,2784700,23.690000534057617
2011-01-05,24.649999618530273,23.479999542236328,23.549999237060547,24.479999542236328,1887700,24.479999542236328
2011-01-06,24.979999542236328,24.40999984741211,24.59000015258789,24.459999084472656,1879000,24.459999084472656
2011-01-07,25.489999771118164,24.65999984741211,24.670000076293945,25.25,3414300,25.25
2011-01-10,25.450000762939453,24.760000228881836,25.100000381469727,25.18000030517578,1575500,25.18000030517578
2011-01-11,25.489999771118164,24.889999389648438,25.43000030517578,25.110000610351562,1642100,25.110000610351562
2011-01-12,25.469999313354492,24.950000762939453,25.43000030517578,25.110000610351562,1497000,25.110000610351562
2011-01-13,26.06999969482422,25.030000686645508,25.15999984741211,25.549999237060547,2031900,25.549999237060547
2011-01-14,26.56999969482422,25.540000915527344,25.549999237060547,26.489999771118164,1766600,26.489999771118164
2011-01-18,26.93000030517578,26.09000015258789,26.270000457763672,26.440000534057617,1562700,26.440000534057617
2011-01-19,26.59000015258789,25.229999542236328,26.450000762939453,25.450000762939453,2017700,25.450000762939453
2011-01-20,25.8700008392334,24.809999465942383,25.25,24.889999389648438,1666300,24.889999389648438
2011-01-21,25.690000534057617,24.920000076293945,25.209999084472656,25.299999237060547,1345500,25.299999237060547
2011-01-24,26.280000686645508,25.149999618530273,25.149999618530273,26.1200008392334,1657400,26.1200008392334
2011-01-25,26.450000762939453,25.84000015258789,25.979999542236328,26.170000076293945,1502000,26.170000076293945
2011-01-26,27.520000457763672,26.030000686645508,26.260000228881836,27.3700008392334,2236400,27.3700008392334
2011-01-27,27.84000015258789,27.18000030517578,27.489999771118164,27.709999084472656,1608600,27.709999084472656
2011-01-28,27.709999084472656,26.170000076293945,27.639999389648438,26.489999771118164,2533700,26.489999771118164
2011-01-31,27.229999542236328,26.530000686645508,26.600000381469727,26.649999618530273,1977500,26.649999618530273
2011-02-01,27.65999984741211,26.770000457763672,27.239999771118164,27.530000686645508,2931500,27.530000686645508
2011-02-02,29.93000030517578,27.639999389648438,27.760000228881836,28.700000762939453,5007300,28.700000762939453
2011-02-03,29.8799991607666,28.149999618530273,28.520000457763672,29.770000457763672,2419700,29.770000457763672
2011-02-04,30.530000686645508,29.690000534057617,29.700000762939453,30.5,2360000,30.5
2011-02-07,31.56999969482422,30.229999542236328,30.309999465942383,31.139999389648438,3351400,31.139999389648438
2011-02-08,31.190000534057617,30.6299991607666,31.139999389648438,30.899999618530273,4791700,30.899999618530273
2011-02-09,31.6200008392334,30.559999465942383,30.940000534057617,31.139999389648438,1848800,31.139999389648438
2011-02-10,31.610000610351562,30.739999771118164,30.8799991607666,31.579999923706055,1412600,31.579999923706055
2011-02-11,31.979999542236328,31.149999618530273,31.5,31.25,1477500,31.25
2011-02-14,33.630001068115234,31.459999084472656,32.11000061035156,32.970001220703125,2092800,32.970001220703125
2011-02-15,32.7599983215332,32.060001373291016,32.63999938964844,32.16999816894531,1316800,32.16999816894531
2011-02-16,33.0099983215332,32.380001068115234,32.400001525878906,32.470001220703125,1111400,32.470001220703125
2011-02-17,33.36000061035156,32.279998779296875,32.43000030517578,33.18000030517578,1097800,33.18000030517578
2011-02-18,33.369998931884766,32.56999969482422,33.34000015258789,32.650001525878906,1885300,32.650001525878906
2011-02-22,32.58000183105469,30.790000915527344,32.06999969482422,31.290000915527344,1618400,31.290000915527344
2011-02-23,31.469999313354492,29.31999969482422,31.40999984741211,30.420000076293945,2600100,30.420000076293945
2011-02-24,30.899999618530273,29.420000076293945,30.510000228881836,30.030000686645508,2890100,30.030000686645508
2011-02-25,32.310001373291016,30.639999389648438,30.899999618530273,32.189998626708984,2777200,32.189998626708984
2011-02-28,32.65999984741211,30.59000015258789,32.310001373291016,30.979999542236328,1779400,30.979999542236328
2011-03-01,31.18000030517578,29.950000762939453,31.1299991607666,30.239999771118164,1759500,30.239999771118164
2011-03-02,31.219999313354492,29.93000030517578,30.290000915527344,31.06999969482422,1986400,31.06999969482422
2011-03-03,32.95000076293945,31.75,31.75,32.060001373291016,1458400,32.060001373291016
2011-03-04,32.290000915527344,31.459999084472656,31.969999313354492,31.770000457763672,719600,31.770000457763672
2011-03-07,32.0,30.34000015258789,31.829999923706055,31.100000381469727,1643900,31.100000381469727
2011-03-08,31.899999618530273,30.65999984741211,31.1200008392334,31.489999771118164,1074400,31.489999771118164
2011-03-09,31.40999984741211,30.850000381469727,31.299999237060547,31.15999984741211,1015800,31.15999984741211
2011-03-10,30.65999984741211,29.75,30.600000381469727,30.040000915527344,1889700,30.040000915527344
2011-03-11,30.600000381469727,29.690000534057617,30.0,30.399999618530273,1169400,30.399999618530273
2011-03-14,30.5,29.399999618530273,29.790000915527344,30.3700008392334,1442100,30.3700008392334
2011-03-15,30.68000030517578,28.799999237060547,28.940000534057617,30.3700008392334,1294600,30.3700008392334
2011-03-16,31.520000457763672,29.84000015258789,30.40999984741211,30.290000915527344,1777700,30.290000915527344
2011-03-17,31.5,30.75,31.040000915527344,30.860000610351562,1644500,30.860000610351562
2011-03-18,31.780000686645508,30.489999771118164,31.399999618530273,30.520000457763672,1781900,30.520000457763672
2011-03-21,31.969999313354492,30.969999313354492,31.170000076293945,31.829999923706055,2377200,31.829999923706055
2011-03-22,32.150001525878906,30.989999771118164,32.0,31.139999389648438,690500,31.139999389648438
2011-03-23,31.81999969482422,30.3700008392334,30.920000076293945,31.360000610351562,976800,31.360000610351562
2011-03-24,32.029998779296875,31.190000534057617,31.75,31.899999618530273,1741900,31.899999618530273
2011-03-25,33.13999938964844,31.790000915527344,32.029998779296875,32.47999954223633,1385800,32.47999954223633
2011-03-28,32.709999084472656,32.060001373291016,32.599998474121094,32.36000061035156,894800,32.36000061035156
2011-03-29,32.619998931884766,31.860000610351562,32.400001525878906,32.400001525878906,1076500,32.400001525878906
2011-03-30,33.060001373291016,32.41999816894531,32.599998474121094,32.720001220703125,652800,32.720001220703125
2011-03-31,33.41999816894531,32.68000030517578,32.709999084472656,33.279998779296875,945100,33.279998779296875
2011-04-01,34.130001068115234,33.15999984741211,33.720001220703125,33.779998779296875,1395000,33.779998779296875
2011-04-04,34.11000061035156,33.529998779296875,34.02000045776367,33.72999954223633,2370300,33.72999954223633
2011-04-05,34.34000015258789,33.4900016784668,33.61000061035156,34.09000015258789,1400600,34.09000015258789
2011-04-06,34.779998779296875,33.40999984741211,34.52000045776367,33.810001373291016,2320900,33.810001373291016
2011-04-07,33.849998474121094,32.619998931884766,33.75,33.0,1504900,33.0
2011-04-08,33.9900016784668,31.850000381469727,33.9900016784668,32.279998779296875,1493400,32.279998779296875
2011-04-11,32.279998779296875,31.6200008392334,32.130001068115234,31.8799991607666,1116700,31.8799991607666
2011-04-12,31.940000534057617,31.200000762939453,31.639999389648438,31.43000030517578,1401500,31.43000030517578
2011-04-13,32.04999923706055,31.420000076293945,31.799999237060547,31.719999313354492,958400,31.719999313354492
2011-04-14,31.719999313354492,30.979999542236328,31.209999084472656,31.559999465942383,1448200,31.559999465942383
2011-04-15,32.31999969482422,31.420000076293945,31.6299991607666,32.029998779296875,1285400,32.029998779296875
2011-04-18,31.600000381469727,30.059999465942383,31.389999389648438,30.649999618530273,2057300,30.649999618530273
2011-04-19,31.579999923706055,30.8799991607666,30.90999984741211,31.5,2291200,31.5
2011-04-20,30.5,27.799999237060547,30.389999389648438,28.3700008392334,11050300,28.3700008392334
2011-04-21,30.31999969482422,28.530000686645508,28.59000015258789,29.719999313354492,3966500,29.719999313354492
2011-04-25,29.760000228881836,29.0,29.670000076293945,29.149999618530273,1638700,29.149999618530273
2011-04-26,29.950000762939453,29.110000610351562,29.209999084472656,29.360000610351562,2093900,29.360000610351562
2011-04-27,29.739999771118164,28.459999084472656,29.34000015258789,29.5,1951100,29.5
2011-04-28,29.559999465942383,28.81999969482422,29.489999771118164,28.969999313354492,1041700,28.969999313354492
2011-04-29,29.530000686645508,28.780000686645508,29.290000915527344,29.420000076293945,1388400,29.420000076293945
2011-05-02,29.8700008392334,29.1200008392334,29.56999969482422,29.25,1325300,29.25
2011-05-03,29.209999084472656,27.860000610351562,29.06999969482422,28.31999969482422,1746500,28.31999969482422
2011-05-04,28.389999389648438,26.889999389648438,28.3799991607666,27.360000610351562,2334600,27.360000610351562
2011-05-05,28.149999618530273,26.829999923706055,27.15999984741211,27.329999923706055,1620400,27.329999923706055
2011-05-06,28.56999969482422,27.5,27.950000762939453,27.639999389648438,1432300,27.639999389648438
2011-05-09,27.75,27.0,27.389999389648438,27.270000457763672,1460600,27.270000457763672
2011-05-10,28.280000686645508,27.479999542236328,27.479999542236328,28.059999465942383,1371800,28.059999465942383
2011-05-11,28.020000457763672,26.829999923706055,27.8799991607666,27.1299991607666,1246800,27.1299991607666
2011-05-12,27.09000015258789,26.579999923706055,26.989999771118164,26.670000076293945,1516700,26.670000076293945
2011-05-13,26.920000076293945,25.81999969482422,26.75,26.06999969482422,2338600,26.06999969482422
2011-05-16,26.510000228881836,25.729999542236328,25.90999984741211,25.950000762939453,1519600,25.950000762939453
2011-05-17,25.8700008392334,24.90999984741211,25.690000534057617,25.059999465942383,2503700,25.059999465942383
2011-05-18,25.889999389648438,25.079999923706055,25.15999984741211,25.610000610351562,2112500,25.610000610351562
2011-05-19,26.0,25.399999618530273,25.8700008392334,25.549999237060547,1843000,25.549999237060547
2011-05-20,25.5,24.889999389648438,25.399999618530273,25.170000076293945,1383100,25.170000076293945
2011-05-23,24.729999542236328,24.260000228881836,24.579999923706055,24.420000076293945,1729200,24.420000076293945
2011-05-24,24.969999313354492,24.219999313354492,24.420000076293945,24.239999771118164,1097400,24.239999771118164
2011-05-25,25.34000015258789,24.280000686645508,24.350000381469727,25.190000534057617,1611700,25.190000534057617
2011-05-26,25.5,24.84000015258789,24.979999542236328,25.440000534057617,1082200,25.440000534057617
2011-05-27,26.25,25.540000915527344,25.540000915527344,25.690000534057617,1203600,25.690000534057617
2011-05-31,27.43000030517578,26.079999923706055,26.079999923706055,27.34000015258789,2723700,27.34000015258789
2011-06-01,27.25,25.420000076293945,27.25,25.549999237060547,2069400,25.549999237060547
2011-06-02,25.979999542236328,25.170000076293945,25.90999984741211,25.43000030517578,1586800,25.43000030517578
2011-06-03,25.3799991607666,24.469999313354492,24.809999465942383,24.600000381469727,2121600,24.600000381469727
2011-06-06,24.90999984741211,23.760000228881836,24.600000381469727,23.899999618530273,1204800,23.899999618530273
2011-06-07,24.440000534057617,23.65999984741211,24.139999389648438,23.68000030517578,1070200,23.68000030517578
2011-06-08,23.709999084472656,22.1299991607666,23.5,22.18000030517578,3374800,22.18000030517578
2011-06-09,23.34000015258789,22.149999618530273,22.170000076293945,22.829999923706055,3251900,22.829999923706055
2011-06-10,22.770000457763672,22.239999771118164,22.6200008392334,22.31999969482422,1573100,22.31999969482422
2011-06-13,22.889999389648438,22.31999969482422,22.3700008392334,22.5,1948800,22.5
2011-06-14,24.219999313354492,22.649999618530273,22.90999984741211,23.959999084472656,2811100,23.959999084472656
2011-06-15,24.479999542236328,23.049999237060547,23.700000762939453,23.209999084472656,2480400,23.209999084472656
2011-06-16,23.649999618530273,22.969999313354492,23.200000762939453,23.239999771118164,1908900,23.239999771118164
2011-06-17,23.899999618530273,23.110000610351562,23.670000076293945,23.25,1550700,23.25
2011-06-20,23.510000228881836,22.770000457763672,23.170000076293945,23.209999084472656,2064100,23.209999084472656
2011-06-21,24.6299991607666,23.510000228881836,23.510000228881836,24.149999618530273,2371700,24.149999618530273
2011-06-22,24.799999237060547,23.950000762939453,24.040000915527344,24.1200008392334,2130500,24.1200008392334
2011-06-23,23.989999771118164,23.190000534057617,23.670000076293945,23.780000686645508,2037200,23.780000686645508
2011-06-24,24.110000610351562,22.889999389648438,23.850000381469727,22.959999084472656,1898900,22.959999084472656
2011-06-27,23.450000762939453,22.68000030517578,22.979999542236328,23.229999542236328,1060300,23.229999542236328
2011-06-28,24.420000076293945,23.350000381469727,23.360000610351562,24.3799991607666,1739600,24.3799991607666
2011-06-29,24.579999923706055,23.979999542236328,24.329999923706055,24.40999984741211,1721600,24.40999984741211
2011-06-30,25.6299991607666,24.34000015258789,24.469999313354492,25.399999618530273,1610800,25.399999618530273
2011-07-01,26.889999389648438,25.25,25.489999771118164,26.690000534057617,2278000,26.690000534057617
2011-07-05,26.799999237060547,25.719999313354492,26.6299991607666,25.850000381469727,1359300,25.850000381469727
2011-07-06,25.809999465942383,25.0,25.809999465942383,25.149999618530273,2372300,25.149999618530273
2011-07-07,27.209999084472656,25.549999237060547,25.549999237060547,26.6200008392334,2998100,26.6200008392334
2011-07-08,26.270000457763672,25.479999542236328,26.270000457763672,25.93000030517578,1737800,25.93000030517578
2011-07-11,25.59000015258789,24.579999923706055,25.329999923706055,24.860000610351562,1383000,24.860000610351562
2011-07-12,25.190000534057617,24.530000686645508,24.780000686645508,24.6200008392334,913900,24.6200008392334
2011-07-13,24.8700008392334,23.690000534057617,24.649999618530273,23.809999465942383,3256000,23.809999465942383
2011-07-14,24.299999237060547,23.049999237060547,23.93000030517578,23.290000915527344,1784500,23.290000915527344
2011-07-15,23.510000228881836,22.799999237060547,23.510000228881836,23.010000228881836,1883900,23.010000228881836
2011-07-18,23.020000457763672,21.979999542236328,22.90999984741211,22.34000015258789,2289500,22.34000015258789
2011-07-19,23.229999542236328,22.440000534057617,22.700000762939453,23.010000228881836,3053500,23.010000228881836
2011-07-20,25.68000030517578,23.65999984741211,23.899999618530273,24.860000610351562,5739700,24.860000610351562
2011-07-21,25.809999465942383,24.989999771118164,25.1299991607666,25.639999389648438,2941800,25.639999389648438
2011-07-22,26.93000030517578,25.239999771118164,25.65999984741211,26.489999771118164,2802600,26.489999771118164
2011-07-25,26.31999969482422,25.530000686645508,26.010000228881836,25.649999618530273,1606800,25.649999618530273
2011-07-26,25.610000610351562,24.8799991607666,25.459999084472656,25.219999313354492,2195500,25.219999313354492
2011-07-27,24.899999618530273,23.579999923706055,24.8700008392334,23.790000915527344,2322400,23.790000915527344
2011-07-28,24.309999465942383,23.200000762939453,23.770000457763672,23.270000457763672,2169500,23.270000457763672
2011-07-29,23.350000381469727,22.049999237060547,22.84000015258789,23.010000228881836,2941200,23.010000228881836
2011-08-01,23.6299991607666,21.549999237060547,23.579999923706055,22.3799991607666,3317700,22.3799991607666
2011-08-02,22.350000381469727,20.5,22.040000915527344,20.75,4897800,20.75
2011-08-03,21.020000457763672,19.81999969482422,20.59000015258789,20.5,3194800,20.5
2011-08-04,20.0,17.3700008392334,20.0,17.440000534057617,6877000,17.440000534057617
2011-08-05,18.920000076293945,17.260000228881836,18.3700008392334,17.649999618530273,4764400,17.649999618530273
2011-08-08,17.3700008392334,14.510000228881836,17.3700008392334,14.75,7781500,14.75
2011-08-09,16.290000915527344,14.300000190734863,15.25,15.739999771118164,4028600,15.739999771118164
2011-08-10,15.4399995803833,14.600000381469727,15.0600004196167,14.640000343322754,4265000,14.640000343322754
2011-08-11,16.440000534057617,14.699999809265137,14.850000381469727,16.1299991607666,3623600,16.1299991607666
2011-08-12,17.190000534057617,16.420000076293945,16.700000762939453,16.899999618530273,3677000,16.899999618530273
2011-08-15,17.68000030517578,17.06999969482422,17.06999969482422,17.40999984741211,3074100,17.40999984741211
2011-08-16,17.719999313354492,17.049999237060547,17.200000762939453,17.100000381469727,2160100,17.100000381469727
2011-08-17,17.450000762939453,16.530000686645508,17.200000762939453,16.790000915527344,1983100,16.790000915527344
2011-08-18,15.779999732971191,13.699999809265137,15.420000076293945,14.1899995803833,5430000,14.1899995803833
2011-08-19,14.579999923706055,12.8100004196167,13.789999961853027,13.109999656677246,4021700,13.109999656677246
2011-08-22,13.649999618530273,12.920000076293945,13.489999771118164,13.34000015258789,3627000,13.34000015258789
2011-08-23,14.319999694824219,13.15999984741211,13.4399995803833,14.300000190734863,2302700,14.300000190734863
2011-08-24,14.819999694824219,14.069999694824219,14.25,14.649999618530273,1788700,14.649999618530273
2011-08-25,15.34000015258789,14.569999694824219,14.819999694824219,14.949999809265137,3800700,14.949999809265137
2011-08-26,16.399999618530273,14.40999984741211,14.680000305175781,16.209999084472656,3851300,16.209999084472656
2011-08-29,17.239999771118164,16.450000762939453,16.540000915527344,17.18000030517578,2070800,17.18000030517578
2011-08-30,17.200000762939453,16.459999084472656,17.020000457763672,16.950000762939453,2302600,16.950000762939453
2011-08-31,17.459999084472656,16.3700008392334,17.149999618530273,16.68000030517578,3489600,16.68000030517578
2011-09-01,17.25,16.43000030517578,16.850000381469727,16.479999542236328,2410100,16.479999542236328
2011-09-02,16.139999389648438,15.229999542236328,15.930000305175781,15.510000228881836,1991000,15.510000228881836
2011-09-06,15.680000305175781,14.479999542236328,14.479999542236328,15.609999656677246,2284400,15.609999656677246
2011-09-07,17.75,15.899999618530273,16.040000915527344,17.25,3951500,17.25
2011-09-08,17.440000534057617,16.639999389648438,17.0,16.75,2420800,16.75
2011-09-09,16.520000457763672,15.609999656677246,16.399999618530273,15.869999885559082,2942000,15.869999885559082
2011-09-12,16.020000457763672,15.109999656677246,15.470000267028809,15.640000343322754,3047700,15.640000343322754
2011-09-13,16.700000762939453,15.800000190734863,15.8100004196167,16.5,3235100,16.5
2011-09-14,17.84000015258789,16.59000015258789,16.770000457763672,17.479999542236328,3566200,17.479999542236328
2011-09-15,18.25,17.25,17.790000915527344,18.229999542236328,2439100,18.229999542236328
2011-09-16,18.729999542236328,17.959999084472656,18.540000915527344,18.670000076293945,4829400,18.670000076293945
2011-09-19,18.65999984741211,17.56999969482422,17.959999084472656,18.34000015258789,3305700,18.34000015258789
2011-09-20,19.1200008392334,17.799999237060547,18.420000076293945,17.8700008392334,2310100,17.8700008392334
2011-09-21,18.079999923706055,16.559999465942383,17.899999618530273,16.68000030517578,2331700,16.68000030517578
2011-09-22,16.450000762939453,15.170000076293945,15.800000190734863,15.779999732971191,3304100,15.779999732971191
2011-09-23,16.360000610351562,15.550000190734863,15.699999809265137,16.110000610351562,2919700,16.110000610351562
2011-09-26,17.079999923706055,15.739999771118164,16.450000762939453,17.020000457763672,1530400,17.020000457763672
2011-09-27,18.5,17.5,17.639999389648438,17.8700008392334,3233900,17.8700008392334
2011-09-28,18.209999084472656,17.1299991607666,18.0,17.15999984741211,2605400,17.15999984741211
2011-09-29,18.030000686645508,16.649999618530273,17.790000915527344,17.170000076293945,2313700,17.170000076293945
2011-09-30,17.530000686645508,16.510000228881836,16.719999313354492,16.84000015258789,2508300,16.84000015258789
2011-10-03,17.299999237060547,15.739999771118164,16.649999618530273,15.859999656677246,3672700,15.859999656677246
2011-10-04,17.780000686645508,15.140000343322754,15.569999694824219,17.75,3400000,17.75
2011-10-05,19.06999969482422,17.6200008392334,17.75,18.899999618530273,3284600,18.899999618530273
2011-10-06,20.229999542236328,18.6299991607666,18.84000015258789,20.040000915527344,3696400,20.040000915527344
2011-10-07,20.549999237060547,19.100000381469727,20.18000030517578,19.6200008392334,3120200,19.6200008392334
2011-10-10,20.969999313354492,19.780000686645508,20.260000228881836,20.350000381469727,2221500,20.350000381469727
2011-10-11,20.93000030517578,20.0,20.020000457763672,20.540000915527344,2643900,20.540000915527344
2011-10-12,21.200000762939453,20.479999542236328,20.84000015258789,20.56999969482422,3011700,20.56999969482422
2011-10-13,21.139999389648438,20.18000030517578,20.3700008392334,20.920000076293945,2119900,20.920000076293945
2011-10-14,22.010000228881836,21.25,21.40999984741211,21.5,1832800,21.5
2011-10-17,21.43000030517578,20.110000610351562,21.309999465942383,20.239999771118164,2609500,20.239999771118164
2011-10-18,21.190000534057617,19.760000228881836,20.100000381469727,21.059999465942383,4172500,21.059999465942383
2011-10-19,24.399999618530273,22.450000762939453,22.940000534057617,23.219999313354492,8297800,23.219999313354492
2011-10-20,24.540000915527344,22.959999084472656,23.170000076293945,24.1200008392334,3867200,24.1200008392334
2011-10-21,24.760000228881836,23.1200008392334,24.65999984741211,24.010000228881836,2614800,24.010000228881836
2011-10-24,25.229999542236328,24.15999984741211,24.170000076293945,24.81999969482422,2042000,24.81999969482422
2011-10-25,24.790000915527344,23.479999542236328,24.510000228881836,23.520000457763672,2392900,23.520000457763672
2011-10-26,24.25,22.610000610351562,24.020000457763672,23.6299991607666,3782700,23.6299991607666
2011-10-27,25.290000915527344,24.489999771118164,24.90999984741211,24.75,3576600,24.75
2011-10-28,24.940000534057617,23.829999923706055,24.440000534057617,24.360000610351562,2295300,24.360000610351562
2011-10-31,24.110000610351562,23.299999237060547,23.8700008392334,23.40999984741211,1893500,23.40999984741211
2011-11-01,23.579999923706055,22.299999237060547,22.540000915527344,22.68000030517578,2803300,22.68000030517578
2011-11-02,23.799999237060547,22.959999084472656,23.229999542236328,23.489999771118164,1629000,23.489999771118164
2011-11-03,24.809999465942383,23.389999389648438,23.989999771118164,24.670000076293945,3196400,24.670000076293945
2011-11-04,24.8799991607666,23.899999618530273,24.260000228881836,24.600000381469727,1051900,24.600000381469727
2011-11-07,24.68000030517578,23.719999313354492,24.540000915527344,24.40999984741211,994900,24.40999984741211
2011-11-08,25.479999542236328,24.309999465942383,24.540000915527344,25.399999618530273,2110800,25.399999618530273
2011-11-09,25.299999237060547,23.760000228881836,24.34000015258789,23.940000534057617,2705300,23.940000534057617
2011-11-10,26.200000762939453,24.399999618530273,24.5,25.81999969482422,3591200,25.81999969482422
2011-11-11,26.600000381469727,25.989999771118164,26.239999771118164,26.440000534057617,2053800,26.440000534057617
2011-11-14,26.56999969482422,25.81999969482422,26.299999237060547,26.229999542236328,959400,26.229999542236328
2011-11-15,26.84000015258789,25.799999237060547,26.06999969482422,26.65999984741211,1039900,26.65999984741211
2011-11-16,27.31999969482422,26.200000762939453,26.280000686645508,26.459999084472656,1838700,26.459999084472656
2011-11-17,26.709999084472656,24.940000534057617,26.5,25.190000534057617,2498900,25.190000534057617
2011-11-18,25.850000381469727,25.06999969482422,25.299999237060547,25.399999618530273,1018600,25.399999618530273
2011-11-21,25.260000228881836,24.540000915527344,24.600000381469727,24.979999542236328,1575400,24.979999542236328
2011-11-22,25.639999389648438,24.75,24.770000457763672,25.1299991607666,1150500,25.1299991607666
2011-11-23,24.829999923706055,23.969999313354492,24.690000534057617,24.309999465942383,1539300,24.309999465942383
2011-11-25,24.729999542236328,24.06999969482422,24.139999389648438,24.18000030517578,535500,24.18000030517578
2011-11-28,26.209999084472656,25.079999923706055,25.219999313354492,25.690000534057617,1557300,25.690000534057617
2011-11-29,26.139999389648438,25.540000915527344,25.850000381469727,26.0,1541300,26.0
2011-11-30,28.229999542236328,26.540000915527344,26.700000762939453,28.139999389648438,3086100,28.139999389648438
2011-12-01,28.649999618530273,27.81999969482422,28.1200008392334,27.90999984741211,2000600,27.90999984741211
2011-12-02,28.760000228881836,27.81999969482422,28.350000381469727,27.959999084472656,1594500,27.959999084472656
2011-12-05,28.760000228881836,27.760000228881836,28.549999237060547,28.0,2068100,28.0
2011-12-06,28.0,27.0,27.950000762939453,27.489999771118164,1592500,27.489999771118164
2011-12-07,27.649999618530273,26.709999084472656,27.190000534057617,27.450000762939453,1327000,27.450000762939453
2011-12-08,28.260000228881836,26.889999389648438,27.350000381469727,27.149999618530273,2081600,27.149999618530273
2011-12-09,28.079999923706055,27.09000015258789,27.200000762939453,27.790000915527344,921800,27.790000915527344
2011-12-12,27.399999618530273,26.6200008392334,27.350000381469727,27.229999542236328,995900,27.229999542236328
2011-12-13,27.860000610351562,25.90999984741211,27.510000228881836,26.270000457763672,1281600,26.270000457763672
2011-12-14,26.309999465942383,25.440000534057617,25.959999084472656,25.75,1833000,25.75
2011-12-15,26.5,25.780000686645508,26.229999542236328,26.040000915527344,1378600,26.040000915527344
2011-12-16,28.0,26.0,27.1200008392334,27.889999389648438,17228400,27.889999389648438
2011-12-19,29.0,28.170000076293945,28.360000610351562,28.309999465942383,4968900,28.309999465942383
2011-12-20,30.0,28.709999084472656,28.81999969482422,29.860000610351562,3125100,29.860000610351562
2011-12-21,30.579999923706055,29.350000381469727,29.799999237060547,30.299999237060547,3822300,30.299999237060547
2011-12-22,30.729999542236328,29.40999984741211,30.329999923706055,29.770000457763672,2519200,29.770000457763672
2011-12-23,30.5,29.719999313354492,30.030000686645508,30.229999542236328,1747600,30.229999542236328
2011-12-27,30.420000076293945,29.690000534057617,30.079999923706055,30.309999465942383,1152500,30.309999465942383
2011-12-28,30.299999237060547,29.0,30.190000534057617,29.3799991607666,1519800,29.3799991607666
2011-12-29,30.0,29.3799991607666,29.549999237060547,29.59000015258789,1038100,29.59000015258789
2011-12-30,30.139999389648438,29.290000915527344,29.59000015258789,29.549999237060547,956600,29.549999237060547
2012-01-03,30.420000076293945,27.8799991607666,30.25,28.959999084472656,3900000,28.959999084472656
2012-01-04,29.969999313354492,28.510000228881836,29.190000534057617,29.780000686645508,3922600,29.780000686645508
2012-01-05,30.010000228881836,28.81999969482422,29.440000534057617,29.93000030517578,1979800,29.93000030517578
2012-01-06,30.079999923706055,29.299999237060547,29.850000381469727,29.6299991607666,1581900,29.6299991607666
2012-01-09,30.170000076293945,29.420000076293945,29.81999969482422,29.469999313354492,1624900,29.469999313354492
2012-01-10,32.209999084472656,30.149999618530273,30.43000030517578,31.40999984741211,3441200,31.40999984741211
2012-01-11,31.59000015258789,31.110000610351562,31.15999984741211,31.270000457763672,989300,31.270000457763672
2012-01-12,31.739999771118164,30.670000076293945,31.540000915527344,31.25,1431900,31.25
2012-01-13,31.34000015258789,30.520000457763672,30.639999389648438,31.09000015258789,1141600,31.09000015258789
2012-01-17,32.099998474121094,31.459999084472656,31.760000228881836,31.84000015258789,1959500,31.84000015258789
2012-01-18,35.029998779296875,32.220001220703125,32.220001220703125,34.77000045776367,6514200,34.77000045776367
2012-01-19,35.40999984741211,34.220001220703125,34.900001525878906,34.689998626708984,3139300,34.689998626708984
2012-01-20,34.810001373291016,33.540000915527344,34.61000061035156,34.47999954223633,2338400,34.47999954223633
2012-01-23,35.150001525878906,33.2599983215332,34.45000076293945,33.720001220703125,2654800,33.720001220703125
2012-01-24,34.439998626708984,32.84000015258789,33.54999923706055,33.970001220703125,1872100,33.970001220703125
2012-01-25,34.959999084472656,33.43000030517578,33.70000076293945,34.77000045776367,2996400,34.77000045776367
2012-01-26,38.619998931884766,37.25,37.83000183105469,37.869998931884766,7387500,37.869998931884766
2012-01-27,38.5,37.63999938964844,37.86000061035156,38.43000030517578,3247200,38.43000030517578
2012-01-30,38.5099983215332,37.470001220703125,37.790000915527344,38.310001373291016,1418000,38.310001373291016
2012-01-31,38.599998474121094,37.630001068115234,38.5,38.2400016784668,1738300,38.2400016784668
2012-02-01,39.2400016784668,38.130001068115234,38.52000045776367,38.4900016784668,2565800,38.4900016784668
2012-02-02,39.0,38.08000183105469,38.630001068115234,38.47999954223633,2000900,38.47999954223633
2012-02-03,41.09000015258789,39.09000015258789,39.29999923706055,40.34000015258789,2500200,40.34000015258789
2012-02-06,41.380001068115234,39.61000061035156,40.02000045776367,41.22999954223633,1928000,41.22999954223633
2012-02-07,41.54999923706055,40.5099983215332,41.0,40.83000183105469,1372600,40.83000183105469
2012-02-08,41.77000045776367,40.70000076293945,41.13999938964844,41.47999954223633,1559200,41.47999954223633
2012-02-09,41.900001525878906,40.2400016784668,41.77000045776367,40.7599983215332,2544000,40.7599983215332
2012-02-10,40.689998626708984,39.04999923706055,40.5,40.11000061035156,2030700,40.11000061035156
2012-02-13,41.5,40.650001525878906,41.08000183105469,41.27000045776367,1403500,41.27000045776367
2012-02-14,41.38999938964844,40.599998474121094,40.84000015258789,41.189998626708984,895200,41.189998626708984
2012-02-15,42.119998931884766,40.22999954223633,41.439998626708984,40.40999984741211,1502300,40.40999984741211
2012-02-16,41.529998779296875,40.0,40.5099983215332,41.25,1314700,41.25
2012-02-17,41.70000076293945,40.63999938964844,41.5,40.68000030517578,996100,40.68000030517578
2012-02-21,41.11000061035156,38.779998779296875,40.970001220703125,39.5,2393900,39.5
2012-02-22,41.25,39.61000061035156,39.630001068115234,41.150001525878906,1755200,41.150001525878906
2012-02-23,42.099998474121094,40.13999938964844,40.939998626708984,42.0,1895400,42.0
2012-02-24,44.099998474121094,42.5,42.59000015258789,42.88999938964844,2100100,42.88999938964844
2012-02-27,43.93000030517578,42.439998626708984,42.56999969482422,43.25,1507200,43.25
2012-02-28,43.369998931884766,41.81999969482422,43.0099983215332,42.220001220703125,1410100,42.220001220703125
2012-02-29,42.849998474121094,41.43000030517578,42.4900016784668,41.68000030517578,1292300,41.68000030517578
2012-03-01,43.220001220703125,42.0,42.06999969482422,42.5099983215332,2101700,42.5099983215332
2012-03-02,43.310001373291016,42.099998474121094,42.52000045776367,43.29999923706055,2269600,43.29999923706055
2012-03-05,43.08000183105469,42.11000061035156,43.0,42.40999984741211,1518500,42.40999984741211
2012-03-06,42.040000915527344,41.0,41.630001068115234,41.36000061035156,1904200,41.36000061035156
2012-03-07,42.619998931884766,41.36000061035156,41.7400016784668,42.459999084472656,1100600,42.459999084472656
2012-03-08,43.290000915527344,42.529998779296875,42.790000915527344,43.2599983215332,1290200,43.2599983215332
2012-03-09,44.119998931884766,42.56999969482422,43.2599983215332,42.880001068115234,1341500,42.880001068115234
2012-03-12,42.81999969482422,41.70000076293945,42.689998626708984,42.27000045776367,1635700,42.27000045776367
2012-03-13,43.209999084472656,42.08000183105469,42.459999084472656,43.13999938964844,1345500,43.13999938964844
2012-03-14,42.9900016784668,42.369998931884766,42.72999954223633,42.84000015258789,1371300,42.84000015258789
2012-03-15,43.58000183105469,42.34000015258789,43.119998931884766,43.2599983215332,1523800,43.2599983215332
2012-03-16,43.41999816894531,42.18000030517578,43.349998474121094,42.58000183105469,2054000,42.58000183105469
2012-03-19,42.599998474121094,41.689998626708984,42.369998931884766,42.06999969482422,2459000,42.06999969482422
2012-03-20,41.79999923706055,40.83000183105469,41.61000061035156,41.06999969482422,1365800,41.06999969482422
2012-03-21,42.77000045776367,41.25,41.36000061035156,42.31999969482422,2127600,42.31999969482422
2012-03-22,42.02000045776367,40.900001525878906,41.869998931884766,41.599998474121094,831200,41.599998474121094
2012-03-23,41.689998626708984,40.2599983215332,41.54999923706055,41.38999938964844,1444300,41.38999938964844
2012-03-26,42.27000045776367,41.529998779296875,41.849998474121094,42.09000015258789,1197600,42.09000015258789
2012-03-27,42.380001068115234,41.68000030517578,42.209999084472656,42.150001525878906,1349500,42.150001525878906
2012-03-28,42.599998474121094,41.08000183105469,42.20000076293945,42.380001068115234,1793100,42.380001068115234
2012-03-29,43.119998931884766,41.70000076293945,41.86000061035156,42.81999969482422,1870300,42.81999969482422
2012-03-30,43.5,42.2599983215332,43.25,42.88999938964844,1601000,42.88999938964844
2012-04-02,44.400001525878906,42.25,42.90999984741211,44.25,1648200,44.25
2012-04-03,45.08000183105469,44.0,44.189998626708984,44.88999938964844,3303800,44.88999938964844
2012-04-04,44.27000045776367,42.540000915527344,44.27000045776367,43.38999938964844,2055700,43.38999938964844
2012-04-05,43.66999816894531,42.61000061035156,43.029998779296875,42.849998474121094,1028100,42.849998474121094
2012-04-09,41.65999984741211,40.599998474121094,41.279998779296875,41.5,2593500,41.5
2012-04-10,41.43000030517578,37.79999923706055,41.33000183105469,38.61000061035156,6061100,38.61000061035156
2012-04-11,39.75,38.45000076293945,39.2599983215332,39.08000183105469,1952000,39.08000183105469
2012-04-12,40.91999816894531,38.970001220703125,39.09000015258789,40.650001525878906,1921400,40.650001525878906
2012-04-13,40.68000030517578,40.08000183105469,40.529998779296875,40.29999923706055,1766800,40.29999923706055
2012-04-16,41.150001525878906,39.459999084472656,40.619998931884766,40.29999923706055,1635000,40.29999923706055
2012-04-17,41.16999816894531,40.290000915527344,40.7599983215332,40.90999984741211,2217100,40.90999984741211
2012-04-18,46.70000076293945,43.060001373291016,44.380001068115234,45.75,8514100,45.75
2012-04-19,46.630001068115234,44.90999984741211,45.849998474121094,45.150001525878906,2441500,45.150001525878906
2012-04-20,46.16999816894531,44.93000030517578,45.970001220703125,45.15999984741211,1989300,45.15999984741211
2012-04-23,44.70000076293945,43.15999984741211,44.16999816894531,44.369998931884766,1693800,44.369998931884766
2012-04-24,45.599998474121094,43.880001068115234,44.36000061035156,44.66999816894531,1518900,44.66999816894531
2012-04-25,46.06999969482422,45.130001068115234,45.290000915527344,45.9900016784668,1096600,45.9900016784668
2012-04-26,46.45000076293945,44.81999969482422,45.9900016784668,44.95000076293945,1787700,44.95000076293945
2012-04-27,47.97999954223633,45.040000915527344,45.2599983215332,46.81999969482422,3472500,46.81999969482422
2012-04-30,47.09000015258789,45.88999938964844,46.88999938964844,46.68000030517578,5603400,46.68000030517578
2012-05-01,45.61000061035156,44.54999923706055,44.900001525878906,44.79999923706055,6685900,44.79999923706055
2012-05-02,45.470001220703125,43.810001373291016,44.29999923706055,45.13999938964844,2763300,45.13999938964844
2012-05-03,45.349998474121094,42.81999969482422,45.22999954223633,43.75,2972600,43.75
2012-05-04,43.720001220703125,41.470001220703125,43.290000915527344,42.209999084472656,3347700,42.209999084472656
2012-05-07,43.31999969482422,42.0,42.25,42.77000045776367,1833400,42.77000045776367
2012-05-08,42.599998474121094,40.06999969482422,42.43000030517578,42.11000061035156,3735600,42.11000061035156
2012-05-09,43.5,41.029998779296875,41.22999954223633,42.439998626708984,3521400,42.439998626708984
2012-05-10,44.75,42.83000183105469,43.33000183105469,43.099998474121094,2343400,43.099998474121094
2012-05-11,43.810001373291016,42.0099983215332,42.459999084472656,43.40999984741211,2335800,43.40999984741211
2012-05-14,43.0,40.58000183105469,42.61000061035156,40.90999984741211,3444900,40.90999984741211
2012-05-15,41.13999938964844,38.84000015258789,41.099998474121094,39.189998626708984,5217800,39.189998626708984
2012-05-16,39.88999938964844,37.47999954223633,39.34000015258789,37.97999954223633,4470800,37.97999954223633
2012-05-17,38.5,33.47999954223633,38.47999954223633,33.88999938964844,10214400,33.88999938964844
2012-05-18,34.29999923706055,32.709999084472656,33.97999954223633,33.04999923706055,5111700,33.04999923706055
2012-05-21,36.2400016784668,33.09000015258789,33.09000015258789,35.91999816894531,4081700,35.91999816894531
2012-05-22,37.0,35.13999938964844,35.970001220703125,35.650001525878906,3187200,35.650001525878906
2012-05-23,36.81999969482422,34.459999084472656,35.029998779296875,36.61000061035156,2500000,36.61000061035156
2012-05-24,37.08000183105469,35.310001373291016,36.79999923706055,36.36000061035156,2040900,36.36000061035156
2012-05-25,36.720001220703125,35.81999969482422,36.36000061035156,36.65999984741211,1275200,36.65999984741211
2012-05-29,38.529998779296875,37.18000030517578,37.56999969482422,38.40999984741211,2686500,38.40999984741211
2012-05-30,37.650001525878906,36.150001525878906,37.630001068115234,36.68000030517578,2658000,36.68000030517578
2012-05-31,36.83000183105469,33.2400016784668,36.83000183105469,34.54999923706055,4836300,34.54999923706055
2012-06-01,32.900001525878906,30.68000030517578,32.79999923706055,31.110000610351562,6031600,31.110000610351562
2012-06-04,31.81999969482422,29.06999969482422,31.700000762939453,30.15999984741211,3867900,30.15999984741211
2012-06-05,32.18000030517578,29.959999084472656,30.18000030517578,31.90999984741211,3808800,31.90999984741211
2012-06-06,33.52000045776367,32.25,32.45000076293945,32.599998474121094,6159400,32.599998474121094
2012-06-07,35.61000061035156,33.400001525878906,33.43000030517578,33.439998626708984,4512900,33.439998626708984
2012-06-08,33.310001373291016,31.739999771118164,33.27000045776367,32.54999923706055,3270400,32.54999923706055
2012-06-11,33.52000045776367,30.1299991607666,33.04999923706055,30.18000030517578,4484600,30.18000030517578
2012-06-12,32.7400016784668,30.65999984741211,30.65999984741211,32.29999923706055,5127200,32.29999923706055
2012-06-13,32.689998626708984,31.360000610351562,31.979999542236328,31.670000076293945,3340300,31.670000076293945
2012-06-14,33.38999938964844,31.6200008392334,31.639999389648438,33.060001373291016,2895500,33.060001373291016
2012-06-15,35.09000015258789,33.2400016784668,33.56999969482422,34.810001373291016,3971200,34.810001373291016
2012-06-18,35.0,33.83000183105469,34.279998779296875,34.790000915527344,2555600,34.790000915527344
2012-06-19,37.08000183105469,34.939998626708984,34.939998626708984,36.93000030517578,3573900,36.93000030517578
2012-06-20,36.45000076293945,34.13999938964844,36.22999954223633,35.33000183105469,4344600,35.33000183105469
2012-06-21,36.79999923706055,33.619998931884766,36.33000183105469,34.130001068115234,3332000,34.130001068115234
2012-06-22,34.79999923706055,32.459999084472656,34.5099983215332,33.43000030517578,9861800,33.43000030517578
2012-06-25,32.70000076293945,30.540000915527344,32.650001525878906,31.56999969482422,4112900,31.56999969482422
2012-06-26,32.150001525878906,30.690000534057617,31.920000076293945,31.739999771118164,2996200,31.739999771118164
2012-06-27,32.31999969482422,30.700000762939453,31.989999771118164,31.420000076293945,3277200,31.420000076293945
2012-06-28,32.5,30.889999389648438,30.989999771118164,32.13999938964844,2834100,32.13999938964844
2012-06-29,34.720001220703125,33.380001068115234,33.58000183105469,34.040000915527344,3474600,34.040000915527344
2012-07-02,34.400001525878906,33.279998779296875,34.2400016784668,33.869998931884766,2190800,33.869998931884766
2012-07-03,36.0,33.869998931884766,33.91999816894531,35.84000015258789,2112900,35.84000015258789
2012-07-05,36.20000076293945,35.150001525878906,35.59000015258789,35.72999954223633,1961700,35.72999954223633
2012-07-06,35.15999984741211,33.7400016784668,35.099998474121094,34.040000915527344,1936300,34.040000915527344
2012-07-09,35.540000915527344,33.349998474121094,33.88999938964844,35.2599983215332,2687200,35.2599983215332
2012-07-10,36.58000183105469,32.650001525878906,35.709999084472656,33.08000183105469,3285400,33.08000183105469
2012-07-11,33.33000183105469,31.770000457763672,33.20000076293945,32.22999954223633,2290800,32.22999954223633
2012-07-12,33.97999954223633,31.56999969482422,31.780000686645508,33.529998779296875,2780600,33.529998779296875
2012-07-13,34.9900016784668,33.630001068115234,33.70000076293945,34.88999938964844,2192200,34.88999938964844
2012-07-16,34.779998779296875,33.709999084472656,34.599998474121094,34.130001068115234,2725600,34.130001068115234
2012-07-17,34.79999923706055,33.25,34.4900016784668,34.43000030517578,4528600,34.43000030517578
2012-07-18,34.2400016784668,28.84000015258789,33.02000045776367,29.65999984741211,14651100,29.65999984741211
2012-07-19,30.030000686645508,28.059999465942383,29.760000228881836,29.799999237060547,11061800,29.799999237060547
2012-07-20,31.329999923706055,28.93000030517578,29.399999618530273,30.389999389648438,5263200,30.389999389648438
2012-07-23,31.469999313354492,29.25,29.65999984741211,30.940000534057617,4315900,30.940000534057617
2012-07-24,31.530000686645508,28.010000228881836,30.809999465942383,28.200000762939453,5668900,28.200000762939453
2012-07-25,29.079999923706055,26.8799991607666,29.010000228881836,27.229999542236328,8039600,27.229999542236328
2012-07-26,28.25,26.90999984741211,28.06999969482422,27.43000030517578,4681600,27.43000030517578
2012-07-27,30.0,27.420000076293945,27.790000915527344,29.6299991607666,4553900,29.6299991607666
2012-07-30,30.09000015258789,28.75,29.649999618530273,29.170000076293945,1860700,29.170000076293945
2012-07-31,29.920000076293945,28.75,29.219999313354492,28.90999984741211,2321200,28.90999984741211
2012-08-01,29.399999618530273,27.40999984741211,28.989999771118164,27.780000686645508,3204200,27.780000686645508
2012-08-02,28.540000915527344,27.010000228881836,27.719999313354492,28.06999969482422,2769300,28.06999969482422
2012-08-03,30.68000030517578,28.700000762939453,28.809999465942383,30.229999542236328,4116700,30.229999542236328
2012-08-06,31.729999542236328,30.280000686645508,30.389999389648438,31.100000381469727,3590200,31.100000381469727
2012-08-07,32.689998626708984,30.90999984741211,31.290000915527344,31.950000762939453,3541500,31.950000762939453
2012-08-08,32.4900016784668,31.079999923706055,31.079999923706055,32.099998474121094,1888300,32.099998474121094
2012-08-09,32.77000045776367,31.399999618530273,32.119998931884766,32.66999816894531,2771900,32.66999816894531
2012-08-10,32.689998626708984,32.060001373291016,32.33000183105469,32.619998931884766,791400,32.619998931884766
2012-08-13,32.90999984741211,31.520000457763672,32.38999938964844,32.290000915527344,2404700,32.290000915527344
2012-08-14,32.88999938964844,32.11000061035156,32.72999954223633,32.310001373291016,996500,32.310001373291016
2012-08-15,32.7599983215332,32.0,32.45000076293945,32.650001525878906,1209000,32.650001525878906
2012-08-16,34.63999938964844,32.560001373291016,32.68000030517578,34.02000045776367,4093500,34.02000045776367
2012-08-17,35.36000061035156,33.849998474121094,34.209999084472656,35.150001525878906,3070200,35.150001525878906
2012-08-20,35.0099983215332,33.47999954223633,34.599998474121094,33.58000183105469,2027400,33.58000183105469
2012-08-21,34.36000061035156,33.0099983215332,33.77000045776367,33.130001068115234,2092600,33.130001068115234
2012-08-22,33.68000030517578,32.75,33.099998474121094,32.900001525878906,1975700,32.900001525878906
2012-08-23,33.16999816894531,31.850000381469727,32.849998474121094,31.969999313354492,2212100,31.969999313354492
2012-08-24,32.52000045776367,31.030000686645508,31.940000534057617,32.25,1843100,32.25
2012-08-27,32.93000030517578,31.350000381469727,32.5,31.940000534057617,1948800,31.940000534057617
2012-08-28,32.369998931884766,31.1200008392334,31.799999237060547,31.3700008392334,1785200,31.3700008392334
2012-08-29,31.81999969482422,30.790000915527344,31.440000534057617,31.479999542236328,1503300,31.479999542236328
2012-08-30,31.690000534057617,30.719999313354492,31.1200008392334,31.5,1233000,31.5
2012-08-31,32.529998779296875,31.360000610351562,31.850000381469727,32.310001373291016,1583300,32.310001373291016
2012-09-04,34.650001525878906,32.619998931884766,32.970001220703125,34.41999816894531,4770200,34.41999816894531
2012-09-05,34.7400016784668,33.630001068115234,34.36000061035156,34.369998931884766,3076300,34.369998931884766
2012-09-06,37.4900016784668,34.77000045776367,34.83000183105469,36.900001525878906,5405700,36.900001525878906
2012-09-07,38.13999938964844,36.68000030517578,36.97999954223633,37.83000183105469,3439800,37.83000183105469
2012-09-10,38.560001373291016,37.279998779296875,37.59000015258789,37.91999816894531,2245200,37.91999816894531
2012-09-11,38.41999816894531,36.7599983215332,38.060001373291016,37.04999923706055,3115100,37.04999923706055
2012-09-12,37.06999969482422,35.04999923706055,36.7599983215332,36.08000183105469,3943400,36.08000183105469
2012-09-13,38.0,34.95000076293945,35.9900016784668,37.709999084472656,4783000,37.709999084472656
2012-09-14,38.869998931884766,37.2599983215332,37.709999084472656,37.380001068115234,4201400,37.380001068115234
2012-09-17,37.279998779296875,35.689998626708984,37.220001220703125,35.849998474121094,2700700,35.849998474121094
2012-09-18,35.79999923706055,34.720001220703125,35.75,35.310001373291016,2668300,35.310001373291016
2012-09-19,38.119998931884766,35.47999954223633,35.47999954223633,37.54999923706055,3870300,37.54999923706055
2012-09-20,37.13999938964844,36.02000045776367,37.13999938964844,36.790000915527344,2837800,36.790000915527344
2012-09-21,37.310001373291016,36.439998626708984,37.04999923706055,36.90999984741211,3167100,36.90999984741211
2012-09-24,37.15999984741211,36.13999938964844,36.630001068115234,36.2400016784668,2023200,36.2400016784668
2012-09-25,36.470001220703125,34.13999938964844,36.459999084472656,34.439998626708984,4275400,34.439998626708984
2012-09-26,34.41999816894531,32.2599983215332,34.41999816894531,32.84000015258789,5745200,32.84000015258789
2012-09-27,33.540000915527344,32.810001373291016,33.31999969482422,33.33000183105469,3171000,33.33000183105469
2012-09-28,33.22999954223633,32.380001068115234,33.099998474121094,32.709999084472656,3319400,32.709999084472656
2012-10-01,33.68000030517578,31.989999771118164,32.90999984741211,32.279998779296875,3435500,32.279998779296875
2012-10-02,32.790000915527344,32.04999923706055,32.54999923706055,32.47999954223633,1794500,32.47999954223633
2012-10-03,32.7599983215332,32.0099983215332,32.47999954223633,32.18000030517578,1920600,32.18000030517578
2012-10-04,33.9900016784668,32.36000061035156,32.400001525878906,33.58000183105469,2689800,33.58000183105469
2012-10-05,35.25,33.68000030517578,34.099998474121094,33.900001525878906,2638700,33.900001525878906
2012-10-08,33.7400016784668,33.0099983215332,33.400001525878906,33.220001220703125,1490900,33.220001220703125
2012-10-09,33.25,32.349998474121094,33.25,33.04999923706055,1504700,33.04999923706055
2012-10-10,33.130001068115234,31.469999313354492,33.130001068115234,32.099998474121094,2767200,32.099998474121094
2012-10-11,33.06999969482422,32.38999938964844,32.68000030517578,32.4900016784668,2570800,32.4900016784668
2012-10-12,32.689998626708984,31.639999389648438,32.5,32.08000183105469,4401000,32.08000183105469
2012-10-15,33.630001068115234,32.2599983215332,32.310001373291016,33.439998626708984,3558200,33.439998626708984
2012-10-16,34.11000061035156,32.90999984741211,33.439998626708984,33.959999084472656,3931700,33.959999084472656
2012-10-17,39.709999084472656,35.36000061035156,36.83000183105469,39.220001220703125,12705500,39.220001220703125
2012-10-18,40.02000045776367,38.52000045776367,38.959999084472656,39.939998626708984,6162500,39.939998626708984
2012-10-19,39.650001525878906,38.22999954223633,39.58000183105469,38.58000183105469,3675600,38.58000183105469
2012-10-22,39.400001525878906,37.880001068115234,38.650001525878906,38.709999084472656,2905000,38.709999084472656
2012-10-23,39.220001220703125,37.52000045776367,37.91999816894531,38.790000915527344,1956300,38.790000915527344
2012-10-24,39.439998626708984,38.650001525878906,39.189998626708984,38.79999923706055,1649300,38.79999923706055
2012-10-25,39.68000030517578,38.56999969482422,39.310001373291016,39.08000183105469,1321000,39.08000183105469
2012-10-26,39.58000183105469,37.83000183105469,38.95000076293945,38.720001220703125,1864100,38.720001220703125
2012-10-31,41.2400016784668,39.15999984741211,39.15999984741211,40.65999984741211,4459800,40.65999984741211
2012-11-01,43.130001068115234,40.650001525878906,40.869998931884766,42.66999816894531,4996100,42.66999816894531
2012-11-02,42.88999938964844,40.880001068115234,42.63999938964844,40.939998626708984,2554700,40.939998626708984
2012-11-05,41.459999084472656,40.29999923706055,41.40999984741211,41.099998474121094,2066800,41.099998474121094
2012-11-06,41.779998779296875,40.81999969482422,41.470001220703125,41.439998626708984,1486400,41.439998626708984
2012-11-07,41.310001373291016,39.41999816894531,40.47999954223633,40.18000030517578,2855900,40.18000030517578
2012-11-08,40.5,38.380001068115234,40.31999969482422,38.869998931884766,2600700,38.869998931884766
2012-11-09,41.029998779296875,38.709999084472656,38.709999084472656,39.66999816894531,2824300,39.66999816894531
2012-11-12,41.5,39.9900016784668,40.130001068115234,40.77000045776367,2333900,40.77000045776367
2012-11-13,41.540000915527344,39.63999938964844,40.04999923706055,41.16999816894531,1957700,41.16999816894531
2012-11-14,41.40999984741211,39.029998779296875,41.2400016784668,39.16999816894531,3293700,39.16999816894531
2012-11-15,39.70000076293945,37.310001373291016,39.0099983215332,37.77000045776367,3618800,37.77000045776367
2012-11-16,39.4900016784668,37.63999938964844,38.02000045776367,38.95000076293945,2465200,38.95000076293945
2012-11-19,40.869998931884766,39.7400016784668,39.77000045776367,40.29999923706055,1853300,40.29999923706055
2012-11-20,40.650001525878906,39.720001220703125,40.11000061035156,40.040000915527344,1524300,40.040000915527344
2012-11-21,41.650001525878906,40.25,40.25,41.0,1776900,41.0
2012-11-23,41.380001068115234,40.7400016784668,41.11000061035156,41.25,570400,41.25
2012-11-26,41.18000030517578,40.63999938964844,40.93000030517578,41.0,1247000,41.0
2012-11-27,41.400001525878906,39.7400016784668,41.0,39.86000061035156,1887900,39.86000061035156
2012-11-28,41.0,38.81999969482422,39.77000045776367,40.9900016784668,2502900,40.9900016784668
2012-11-29,41.959999084472656,40.5099983215332,41.400001525878906,41.5,2493800,41.5
2012-11-30,41.650001525878906,40.47999954223633,41.279998779296875,41.529998779296875,2190800,41.529998779296875
2012-12-03,42.43000030517578,41.4900016784668,41.95000076293945,41.66999816894531,2050800,41.66999816894531
2012-12-04,42.63999938964844,40.2599983215332,41.540000915527344,42.209999084472656,3017800,42.209999084472656
2012-12-05,43.34000015258789,41.90999984741211,42.310001373291016,42.56999969482422,2516400,42.56999969482422
2012-12-06,42.720001220703125,41.63999938964844,42.47999954223633,42.58000183105469,1501700,42.58000183105469
2012-12-07,43.470001220703125,42.47999954223633,43.040000915527344,42.70000076293945,1437800,42.70000076293945
2012-12-10,43.400001525878906,42.5099983215332,42.619998931884766,43.20000076293945,1315600,43.20000076293945
2012-12-11,44.2400016784668,42.900001525878906,43.560001373291016,43.08000183105469,2337500,43.08000183105469
2012-12-12,44.0,43.11000061035156,43.959999084472656,43.220001220703125,1474300,43.220001220703125
2012-12-13,43.599998474121094,41.66999816894531,43.16999816894531,42.40999984741211,1751000,42.40999984741211
2012-12-14,42.689998626708984,42.0,42.439998626708984,42.279998779296875,933800,42.279998779296875
2012-12-17,42.77000045776367,42.029998779296875,42.58000183105469,42.540000915527344,1710900,42.540000915527344
2012-12-18,44.75,42.86000061035156,42.90999984741211,44.68000030517578,2516900,44.68000030517578
2012-12-19,45.47999954223633,43.95000076293945,44.81999969482422,44.779998779296875,2605600,44.779998779296875
2012-12-20,45.18000030517578,44.470001220703125,44.75,45.130001068115234,1759000,45.130001068115234
2012-12-21,45.04999923706055,43.11000061035156,43.900001525878906,44.79999923706055,4083000,44.79999923706055
2012-12-24,45.459999084472656,44.15999984741211,44.619998931884766,44.97999954223633,766000,44.97999954223633
2012-12-26,45.20000076293945,44.18000030517578,44.7599983215332,44.220001220703125,1039800,44.220001220703125
2012-12-27,44.4900016784668,42.459999084472656,44.439998626708984,43.47999954223633,1568200,43.47999954223633
2012-12-28,43.619998931884766,42.560001373291016,43.54999923706055,42.720001220703125,1651500,42.720001220703125
2012-12-31,45.83000183105469,42.630001068115234,42.68000030517578,45.52000045776367,2001700,45.52000045776367
2013-01-02,48.560001373291016,46.709999084472656,47.0,47.90999984741211,3288100,47.90999984741211
2013-01-03,48.38999938964844,47.08000183105469,47.970001220703125,48.04999923706055,2468400,48.04999923706055
2013-01-04,49.72999954223633,47.52000045776367,48.31999969482422,48.9900016784668,2529400,48.9900016784668
2013-01-07,48.65999984741211,47.790000915527344,48.470001220703125,48.25,1667700,48.25
2013-01-08,48.83000183105469,47.7599983215332,48.70000076293945,48.099998474121094,1922500,48.099998474121094
2013-01-09,49.060001373291016,48.119998931884766,48.58000183105469,48.25,1664600,48.25
2013-01-10,48.900001525878906,47.720001220703125,48.849998474121094,48.20000076293945,1829800,48.20000076293945
2013-01-11,48.459999084472656,46.83000183105469,48.400001525878906,47.56999969482422,1828600,47.56999969482422
2013-01-14,47.959999084472656,47.189998626708984,47.54999923706055,47.599998474121094,1198700,47.599998474121094
2013-01-15,49.06999969482422,47.16999816894531,47.29999923706055,48.709999084472656,1890000,48.709999084472656
2013-01-16,48.959999084472656,47.66999816894531,48.5,48.31999969482422,1687400,48.31999969482422
2013-01-17,49.720001220703125,48.7400016784668,48.810001373291016,49.279998779296875,1672400,49.279998779296875
2013-01-18,50.369998931884766,49.25,49.25,50.040000915527344,1438100,50.040000915527344
2013-01-22,50.119998931884766,48.29999923706055,50.029998779296875,48.93000030517578,3447500,48.93000030517578
2013-01-23,49.52000045776367,48.470001220703125,48.93000030517578,49.43000030517578,2057300,49.43000030517578
2013-01-24,51.5,46.66999816894531,49.189998626708984,49.15999984741211,5330400,49.15999984741211
2013-01-25,51.25,49.189998626708984,49.279998779296875,51.119998931884766,2704200,51.119998931884766
2013-01-28,51.84000015258789,49.90999984741211,50.97999954223633,51.40999984741211,1510500,51.40999984741211
2013-01-29,51.529998779296875,50.709999084472656,51.060001373291016,51.02000045776367,1150600,51.02000045776367
2013-01-30,51.25,49.650001525878906,51.209999084472656,49.86000061035156,1481400,49.86000061035156
2013-01-31,50.7400016784668,49.54999923706055,49.59000015258789,50.619998931884766,1516300,50.619998931884766
2013-02-01,53.369998931884766,50.90999984741211,50.90999984741211,52.2599983215332,2417600,52.2599983215332
2013-02-04,52.15999984741211,50.599998474121094,51.68000030517578,50.75,1689800,50.75
2013-02-05,52.27000045776367,51.18000030517578,51.54999923706055,51.95000076293945,1233500,51.95000076293945
2013-02-06,52.650001525878906,51.02000045776367,51.560001373291016,52.54999923706055,1545600,52.54999923706055
2013-02-07,52.5,51.380001068115234,52.400001525878906,52.45000076293945,1300800,52.45000076293945
2013-02-08,53.439998626708984,52.45000076293945,52.52000045776367,53.09000015258789,1082000,53.09000015258789
2013-02-11,53.84000015258789,52.86000061035156,53.09000015258789,53.31999969482422,1244100,53.31999969482422
2013-02-12,55.040000915527344,53.77000045776367,54.0,54.29999923706055,2053600,54.29999923706055
2013-02-13,55.72999954223633,54.369998931884766,54.5,55.4900016784668,2054100,55.4900016784668
2013-02-14,56.18000030517578,54.880001068115234,55.209999084472656,55.900001525878906,1486300,55.900001525878906
2013-02-15,56.15999984741211,54.61000061035156,55.720001220703125,54.869998931884766,1970400,54.869998931884766
2013-02-19,55.70000076293945,54.52000045776367,55.0,55.63999938964844,1225500,55.63999938964844
2013-02-20,56.869998931884766,52.720001220703125,55.849998474121094,53.09000015258789,2928200,53.09000015258789
2013-02-21,53.09000015258789,49.27000045776367,52.90999984741211,50.939998626708984,4256700,50.939998626708984
2013-02-22,53.279998779296875,51.40999984741211,51.41999816894531,52.709999084472656,2339800,52.709999084472656
2013-02-25,54.11000061035156,50.40999984741211,53.25,50.470001220703125,2911000,50.470001220703125
2013-02-26,51.349998474121094,49.099998474121094,50.93000030517578,51.099998474121094,3561900,51.099998474121094
2013-02-27,53.560001373291016,50.97999954223633,51.119998931884766,52.540000915527344,2041300,52.540000915527344
2013-02-28,54.2599983215332,52.36000061035156,52.560001373291016,53.40999984741211,2008500,53.40999984741211
2013-03-01,53.2400016784668,51.66999816894531,52.58000183105469,52.630001068115234,2064100,52.630001068115234
2013-03-04,52.4900016784668,50.900001525878906,52.4900016784668,52.04999923706055,2662400,52.04999923706055
2013-03-05,55.9900016784668,54.25,54.880001068115234,54.939998626708984,4594900,54.939998626708984
2013-03-06,55.4900016784668,54.130001068115234,55.099998474121094,54.2599983215332,1682400,54.2599983215332
2013-03-07,54.560001373291016,53.40999984741211,54.40999984741211,53.779998779296875,1435500,53.779998779296875
2013-03-08,54.9900016784668,53.61000061035156,54.43000030517578,54.79999923706055,1452000,54.79999923706055
2013-03-11,54.650001525878906,53.65999984741211,54.08000183105469,54.310001373291016,1428200,54.310001373291016
2013-03-12,54.470001220703125,53.18000030517578,54.310001373291016,53.529998779296875,1878800,53.529998779296875
2013-03-13,54.900001525878906,53.41999816894531,53.689998626708984,54.63999938964844,1569100,54.63999938964844
2013-03-14,55.279998779296875,53.77000045776367,54.95000076293945,54.2400016784668,1413700,54.2400016784668
2013-03-15,54.08000183105469,52.56999969482422,53.97999954223633,52.689998626708984,2393000,52.689998626708984
2013-03-18,53.59000015258789,51.2599983215332,52.04999923706055,52.9900016784668,1747100,52.9900016784668
2013-03-19,54.459999084472656,52.47999954223633,53.459999084472656,53.41999816894531,1439000,53.41999816894531
2013-03-20,55.619998931884766,53.84000015258789,54.06999969482422,55.22999954223633,1805900,55.22999954223633
2013-03-21,55.83000183105469,53.189998626708984,54.689998626708984,54.18000030517578,1406900,54.18000030517578
2013-03-22,54.91999816894531,53.20000076293945,54.54999923706055,53.83000183105469,1086800,53.83000183105469
2013-03-25,54.88999938964844,52.52000045776367,54.040000915527344,53.02000045776367,1418900,53.02000045776367
2013-03-26,53.5099983215332,52.43000030517578,53.380001068115234,52.97999954223633,1120800,52.97999954223633
2013-03-27,53.83000183105469,51.70000076293945,52.2400016784668,53.5099983215332,2489600,53.5099983215332
2013-03-28,55.08000183105469,53.4900016784668,53.4900016784668,54.970001220703125,1527200,54.970001220703125
2013-04-01,54.939998626708984,51.869998931884766,54.61000061035156,53.15999984741211,1928700,53.15999984741211
2013-04-02,55.18000030517578,52.25,54.029998779296875,52.619998931884766,1954200,52.619998931884766
2013-04-03,53.2400016784668,49.900001525878906,52.70000076293945,51.2400016784668,2992500,51.2400016784668
2013-04-04,51.47999954223633,50.209999084472656,51.25,50.880001068115234,2176800,50.880001068115234
2013-04-05,51.970001220703125,48.470001220703125,49.84000015258789,51.849998474121094,2490800,51.849998474121094
2013-04-08,53.70000076293945,52.029998779296875,52.029998779296875,53.34000015258789,1780100,53.34000015258789
2013-04-09,53.9900016784668,53.099998474121094,53.70000076293945,53.209999084472656,1245200,53.209999084472656
2013-04-10,54.81999969482422,53.150001525878906,53.52000045776367,54.45000076293945,1891300,54.45000076293945
2013-04-11,57.2400016784668,54.380001068115234,54.470001220703125,55.209999084472656,3222200,55.209999084472656
2013-04-12,55.63999938964844,53.689998626708984,54.790000915527344,54.97999954223633,1539000,54.97999954223633
2013-04-15,54.75,50.029998779296875,54.70000076293945,50.88999938964844,5262400,50.88999938964844
2013-04-16,52.63999938964844,51.0,51.790000915527344,52.209999084472656,3521900,52.209999084472656
2013-04-17,52.779998779296875,50.34000015258789,50.900001525878906,51.459999084472656,4523700,51.459999084472656
2013-04-18,51.599998474121094,49.66999816894531,51.560001373291016,50.689998626708984,2282500,50.689998626708984
2013-04-19,52.099998474121094,50.099998474121094,50.959999084472656,51.689998626708984,1539800,51.689998626708984
2013-04-22,51.93000030517578,50.2599983215332,51.91999816894531,51.54999923706055,1865400,51.54999923706055
2013-04-23,52.2599983215332,50.09000015258789,52.099998474121094,50.70000076293945,1977800,50.70000076293945
2013-04-24,51.04999923706055,49.689998626708984,50.88999938964844,50.599998474121094,2448700,50.599998474121094
2013-04-25,52.25,50.16999816894531,50.86000061035156,52.0099983215332,2077600,52.0099983215332
2013-04-26,52.47999954223633,51.40999984741211,51.689998626708984,52.369998931884766,1136100,52.369998931884766
2013-04-29,53.13999938964844,52.130001068115234,52.5,52.40999984741211,1193600,52.40999984741211
2013-04-30,53.099998474121094,51.40999984741211,52.09000015258789,52.61000061035156,1958400,52.61000061035156
2013-05-01,52.869998931884766,50.65999984741211,52.630001068115234,50.83000183105469,2299800,50.83000183105469
2013-05-02,51.459999084472656,50.5,50.959999084472656,51.279998779296875,1652000,51.279998779296875
2013-05-03,56.08000183105469,52.349998474121094,52.41999816894531,54.4900016784668,3511000,54.4900016784668
2013-05-06,57.459999084472656,54.31999969482422,54.650001525878906,56.63999938964844,5814700,56.63999938964844
2013-05-07,58.36000061035156,57.0,57.130001068115234,57.720001220703125,2311400,57.720001220703125
2013-05-08,58.25,57.0099983215332,57.72999954223633,58.16999816894531,1710500,58.16999816894531
2013-05-09,58.54999923706055,57.630001068115234,58.220001220703125,57.83000183105469,1408000,57.83000183105469
2013-05-10,58.5099983215332,57.5099983215332,57.790000915527344,58.279998779296875,1168200,58.279998779296875
2013-05-13,59.209999084472656,57.11000061035156,58.29999923706055,57.4900016784668,1475300,57.4900016784668
2013-05-14,59.61000061035156,56.77000045776367,57.040000915527344,59.52000045776367,1873300,59.52000045776367
2013-05-15,59.7400016784668,58.40999984741211,59.56999969482422,58.68000030517578,1319600,58.68000030517578
2013-05-16,59.36000061035156,57.29999923706055,58.619998931884766,57.4900016784668,1495100,57.4900016784668
2013-05-17,59.13999938964844,58.09000015258789,58.150001525878906,58.68000030517578,1342500,58.68000030517578
2013-05-20,58.869998931884766,57.20000076293945,58.630001068115234,57.5099983215332,1657400,57.5099983215332
2013-05-21,58.08000183105469,56.810001373291016,57.65999984741211,57.43000030517578,1155200,57.43000030517578
2013-05-22,57.599998474121094,54.810001373291016,57.36000061035156,55.869998931884766,2861000,55.869998931884766
2013-05-23,57.150001525878906,54.599998474121094,55.040000915527344,56.060001373291016,2250200,56.060001373291016
2013-05-24,56.45000076293945,54.58000183105469,55.68000030517578,56.279998779296875,1500400,56.279998779296875
2013-05-28,57.93000030517578,56.70000076293945,57.22999954223633,57.16999816894531,1204600,57.16999816894531
2013-05-29,57.209999084472656,55.779998779296875,56.58000183105469,57.0,1244100,57.0
2013-05-30,57.77000045776367,56.40999984741211,57.20000076293945,57.40999984741211,1432700,57.40999984741211
2013-05-31,58.029998779296875,56.70000076293945,57.09000015258789,56.84000015258789,1263000,56.84000015258789
2013-06-03,57.0,53.75,56.869998931884766,55.02000045776367,2541800,55.02000045776367
2013-06-04,55.84000015258789,51.5,55.0099983215332,52.900001525878906,2354400,52.900001525878906
2013-06-05,52.86000061035156,51.119998931884766,52.779998779296875,51.439998626708984,2977500,51.439998626708984
2013-06-06,51.2599983215332,49.119998931884766,51.189998626708984,50.720001220703125,5113300,50.720001220703125
2013-06-07,52.880001068115234,50.349998474121094,51.27000045776367,51.849998474121094,2280000,51.849998474121094
2013-06-10,52.459999084472656,50.68000030517578,52.18000030517578,50.939998626708984,1850900,50.939998626708984
2013-06-11,51.2400016784668,49.27000045776367,50.11000061035156,49.84000015258789,2224300,49.84000015258789
2013-06-12,50.72999954223633,48.47999954223633,50.54999923706055,48.81999969482422,2640500,48.81999969482422
2013-06-13,50.16999816894531,48.220001220703125,48.650001525878906,49.880001068115234,2563400,49.880001068115234
2013-06-14,50.58000183105469,49.650001525878906,49.880001068115234,50.2599983215332,1644100,50.2599983215332
2013-06-17,50.400001525878906,48.79999923706055,50.369998931884766,49.16999816894531,4151500,49.16999816894531
2013-06-18,52.40999984741211,49.25,49.45000076293945,51.650001525878906,3598900,51.650001525878906
2013-06-19,52.310001373291016,51.08000183105469,51.79999923706055,51.15999984741211,2170800,51.15999984741211
2013-06-20,52.380001068115234,49.25,50.43000030517578,50.7599983215332,3887900,50.7599983215332
2013-06-21,51.75,48.61000061035156,51.04999923706055,49.27000045776367,3948800,49.27000045776367
2013-06-24,48.83000183105469,44.849998474121094,48.79999923706055,46.2599983215332,6081700,46.2599983215332
2013-06-25,49.08000183105469,47.459999084472656,47.5099983215332,48.119998931884766,2992600,48.119998931884766
2013-06-26,49.7400016784668,48.599998474121094,48.72999954223633,48.95000076293945,2223800,48.95000076293945
2013-06-27,51.0099983215332,49.41999816894531,49.47999954223633,50.56999969482422,2734500,50.56999969482422
2013-06-28,50.9900016784668,49.77000045776367,50.27000045776367,49.90999984741211,2442200,49.90999984741211
2013-07-01,51.459999084472656,49.91999816894531,50.43000030517578,50.04999923706055,1667800,50.04999923706055
2013-07-02,50.9900016784668,49.540000915527344,49.93000030517578,49.9900016784668,1291200,49.9900016784668
2013-07-03,50.810001373291016,49.5099983215332,49.5099983215332,50.290000915527344,705400,50.290000915527344
2013-07-05,51.5099983215332,50.38999938964844,51.209999084472656,51.029998779296875,991400,51.029998779296875
2013-07-08,52.029998779296875,51.04999923706055,51.150001525878906,51.689998626708984,2129000,51.689998626708984
2013-07-09,53.939998626708984,51.970001220703125,52.56999969482422,53.27000045776367,2207300,53.27000045776367
2013-07-10,53.18000030517578,51.709999084472656,53.099998474121094,52.13999938964844,1796600,52.13999938964844
2013-07-11,53.36000061035156,51.5099983215332,53.119998931884766,52.7400016784668,2529400,52.7400016784668
2013-07-12,53.22999954223633,52.380001068115234,52.70000076293945,52.810001373291016,1000400,52.810001373291016
2013-07-15,53.470001220703125,52.11000061035156,53.279998779296875,52.220001220703125,1752700,52.220001220703125
2013-07-16,52.52000045776367,50.70000076293945,51.939998626708984,50.97999954223633,2761200,50.97999954223633
2013-07-17,56.47999954223633,52.970001220703125,53.400001525878906,56.369998931884766,8507800,56.369998931884766
2013-07-18,57.54999923706055,55.689998626708984,56.40999984741211,56.70000076293945,2734600,56.70000076293945
2013-07-19,56.70000076293945,55.2599983215332,56.38999938964844,56.630001068115234,1820600,56.630001068115234
2013-07-22,57.66999816894531,56.4900016784668,56.5,56.52000045776367,1832900,56.52000045776367
2013-07-23,57.099998474121094,55.83000183105469,56.849998474121094,55.95000076293945,1723700,55.95000076293945
2013-07-24,56.75,55.290000915527344,56.470001220703125,55.439998626708984,1543500,55.439998626708984
2013-07-25,55.88999938964844,54.45000076293945,55.2400016784668,55.400001525878906,1332400,55.400001525878906
2013-07-26,55.369998931884766,54.31999969482422,54.880001068115234,54.560001373291016,1347000,54.560001373291016
2013-07-29,54.790000915527344,53.900001525878906,54.400001525878906,54.25,1148000,54.25
2013-07-30,55.56999969482422,54.31999969482422,54.709999084472656,55.15999984741211,1411600,55.15999984741211
2013-07-31,57.79999923706055,55.59000015258789,55.599998474121094,57.31999969482422,2091000,57.31999969482422
2013-08-01,59.61000061035156,57.83000183105469,58.06999969482422,59.40999984741211,2473200,59.40999984741211
2013-08-02,59.84000015258789,58.16999816894531,58.95000076293945,59.619998931884766,1488000,59.619998931884766
2013-08-05,59.58000183105469,58.47999954223633,59.459999084472656,58.880001068115234,1033700,58.880001068115234
2013-08-06,58.91999816894531,56.33000183105469,58.91999816894531,57.34000015258789,1779300,57.34000015258789
2013-08-07,57.79999923706055,55.560001373291016,57.650001525878906,55.869998931884766,1494100,55.869998931884766
2013-08-08,57.279998779296875,55.869998931884766,56.93000030517578,56.04999923706055,1197100,56.04999923706055
2013-08-09,56.400001525878906,55.5,56.08000183105469,55.54999923706055,1009200,55.54999923706055
2013-08-12,56.34000015258789,54.79999923706055,55.16999816894531,55.849998474121094,861600,55.849998474121094
2013-08-13,56.040000915527344,55.08000183105469,55.97999954223633,55.72999954223633,589700,55.72999954223633
2013-08-14,56.029998779296875,54.97999954223633,55.70000076293945,55.0099983215332,946300,55.0099983215332
2013-08-15,54.47999954223633,53.25,54.34000015258789,54.11000061035156,1038700,54.11000061035156
2013-08-16,55.2400016784668,53.779998779296875,54.099998474121094,54.029998779296875,664500,54.029998779296875
2013-08-19,54.880001068115234,53.790000915527344,53.97999954223633,54.0099983215332,1331800,54.0099983215332
2013-08-20,56.150001525878906,54.040000915527344,54.22999954223633,55.77000045776367,1239600,55.77000045776367
2013-08-21,57.099998474121094,55.7599983215332,55.7599983215332,56.13999938964844,1180900,56.13999938964844
2013-08-22,57.150001525878906,56.15999984741211,56.2400016784668,56.849998474121094,531600,56.849998474121094
2013-08-23,57.150001525878906,55.68000030517578,56.900001525878906,56.290000915527344,775100,56.290000915527344
2013-08-26,57.349998474121094,55.9900016784668,56.290000915527344,56.560001373291016,484000,56.560001373291016
2013-08-27,55.95000076293945,53.61000061035156,55.619998931884766,54.220001220703125,1462600,54.220001220703125
2013-08-28,55.720001220703125,53.86000061035156,54.33000183105469,55.09000015258789,1318000,55.09000015258789
2013-08-29,56.529998779296875,54.93000030517578,54.93000030517578,55.900001525878906,961800,55.900001525878906
2013-08-30,55.93000030517578,54.290000915527344,55.90999984741211,54.77000045776367,1075700,54.77000045776367
2013-09-03,56.7599983215332,54.90999984741211,55.790000915527344,55.650001525878906,1615100,55.650001525878906
2013-09-04,56.599998474121094,55.22999954223633,55.84000015258789,56.130001068115234,1148700,56.130001068115234
2013-09-05,57.560001373291016,55.529998779296875,55.59000015258789,56.95000076293945,1259200,56.95000076293945
2013-09-06,57.900001525878906,55.790000915527344,57.75,56.810001373291016,1480400,56.810001373291016
2013-09-09,58.59000015258789,57.040000915527344,57.060001373291016,58.25,834700,58.25
2013-09-10,58.79999923706055,57.40999984741211,58.720001220703125,57.66999816894531,1548500,57.66999816894531
2013-09-11,57.18000030517578,52.38999938964844,57.18000030517578,55.34000015258789,8496000,55.34000015258789
2013-09-12,56.47999954223633,55.0,55.369998931884766,55.869998931884766,2256700,55.869998931884766
2013-09-13,57.33000183105469,55.869998931884766,56.06999969482422,56.06999969482422,1788700,56.06999969482422
2013-09-16,56.90999984741211,54.68000030517578,56.88999938964844,55.0099983215332,2064600,55.0099983215332
2013-09-17,56.91999816894531,54.650001525878906,55.11000061035156,56.5,1619400,56.5
2013-09-18,58.150001525878906,56.33000183105469,56.369998931884766,58.09000015258789,1923500,58.09000015258789
2013-09-19,59.189998626708984,57.77000045776367,58.459999084472656,57.790000915527344,1135200,57.790000915527344
2013-09-20,57.84000015258789,56.47999954223633,57.84000015258789,56.52000045776367,1950500,56.52000045776367
2013-09-23,57.029998779296875,55.70000076293945,57.029998779296875,56.540000915527344,1214600,56.540000915527344
2013-09-24,57.2400016784668,56.02000045776367,56.5,56.61000061035156,1178700,56.61000061035156
2013-09-25,57.529998779296875,56.0099983215332,56.86000061035156,56.790000915527344,781000,56.790000915527344
2013-09-26,58.279998779296875,56.79999923706055,56.79999923706055,57.63999938964844,1280100,57.63999938964844
2013-09-27,57.939998626708984,56.900001525878906,57.529998779296875,57.66999816894531,840200,57.66999816894531
2013-09-30,58.75,56.25,56.630001068115234,58.290000915527344,1653500,58.290000915527344
2013-10-01,60.380001068115234,58.25,58.400001525878906,59.31999969482422,2643300,59.31999969482422
2013-10-02,60.529998779296875,58.689998626708984,58.77000045776367,60.40999984741211,1330300,60.40999984741211
2013-10-03,60.869998931884766,58.900001525878906,60.33000183105469,59.91999816894531,1442000,59.91999816894531
2013-10-04,60.93000030517578,59.66999816894531,59.790000915527344,60.70000076293945,999800,60.70000076293945
2013-10-07,59.900001525878906,58.349998474121094,59.810001373291016,58.369998931884766,1819600,58.369998931884766
2013-10-08,58.86000061035156,56.47999954223633,58.349998474121094,56.5099983215332,2146700,56.5099983215332
2013-10-09,56.779998779296875,55.04999923706055,56.45000076293945,55.97999954223633,1799900,55.97999954223633
2013-10-10,58.34000015258789,57.02000045776367,57.09000015258789,58.099998474121094,1384800,58.099998474121094
2013-10-11,58.349998474121094,57.31999969482422,57.849998474121094,57.72999954223633,1470500,57.72999954223633
2013-10-14,58.11000061035156,57.189998626708984,57.33000183105469,57.880001068115234,1351900,57.880001068115234
2013-10-15,58.130001068115234,56.7599983215332,57.689998626708984,57.380001068115234,1362300,57.380001068115234
2013-10-16,61.43000030517578,56.54999923706055,58.119998931884766,59.790000915527344,6234300,59.790000915527344
2013-10-17,62.900001525878906,57.79999923706055,59.77000045776367,61.939998626708984,5496200,61.939998626708984
2013-10-18,65.36000061035156,62.619998931884766,62.97999954223633,64.88999938964844,3236200,64.88999938964844
2013-10-21,65.58000183105469,63.93000030517578,65.29000091552734,64.37999725341797,1823600,64.37999725341797
2013-10-22,65.27999877929688,63.95000076293945,64.79000091552734,64.69000244140625,1106900,64.69000244140625
2013-10-23,65.1500015258789,64.02999877929688,64.20999908447266,64.93000030517578,826000,64.93000030517578
2013-10-24,65.80999755859375,64.11000061035156,64.77999877929688,65.12000274658203,1064900,65.12000274658203
2013-10-25,65.63999938964844,63.790000915527344,65.4800033569336,65.3499984741211,949500,65.3499984741211
2013-10-28,66.0999984741211,65.04000091552734,65.31999969482422,65.79000091552734,1143300,65.79000091552734
2013-10-29,66.06999969482422,64.94000244140625,65.94999694824219,65.87000274658203,1399500,65.87000274658203
2013-10-30,65.91000366210938,63.630001068115234,65.7699966430664,64.2699966430664,1881900,64.2699966430664
2013-10-31,65.45999908447266,64.02999877929688,64.3499984741211,64.58999633789062,1145800,64.58999633789062
2013-11-01,65.33000183105469,63.83000183105469,64.81999969482422,64.43000030517578,1074100,64.43000030517578
2013-11-04,66.41000366210938,64.48999786376953,64.54000091552734,65.97000122070312,1133900,65.97000122070312
2013-11-05,66.80000305175781,65.37999725341797,65.69999694824219,66.0999984741211,1185900,66.0999984741211
2013-11-06,66.80999755859375,65.79000091552734,66.69000244140625,66.30000305175781,1260000,66.30000305175781
2013-11-07,66.36000061035156,62.0099983215332,66.19999694824219,62.11000061035156,3990100,62.11000061035156
2013-11-08,63.7400016784668,62.130001068115234,62.29999923706055,63.4900016784668,1492200,63.4900016784668
2013-11-11,65.08000183105469,63.349998474121094,63.7599983215332,64.7300033569336,1193000,64.7300033569336
2013-11-12,65.25,64.06999969482422,64.55000305175781,65.19000244140625,928200,65.19000244140625
2013-11-13,66.23999786376953,64.4000015258789,64.70999908447266,66.08000183105469,793300,66.08000183105469
2013-11-14,67.58999633789062,65.52999877929688,66.25,67.37999725341797,1409400,67.37999725341797
2013-11-15,68.75,67.08000183105469,67.72000122070312,68.58999633789062,1298300,68.58999633789062
2013-11-18,69.41000366210938,67.31999969482422,68.62999725341797,67.63999938964844,1724100,67.63999938964844
2013-11-19,68.58000183105469,67.05000305175781,67.69000244140625,67.19000244140625,1125100,67.19000244140625
2013-11-20,67.8499984741211,65.83999633789062,67.38999938964844,66.16999816894531,1386300,66.16999816894531
2013-11-21,67.55000305175781,66.25,67.08000183105469,67.18000030517578,1094300,67.18000030517578
2013-11-22,69.4000015258789,67.06999969482422,67.19999694824219,68.83999633789062,1578300,68.83999633789062
2013-11-25,69.3499984741211,68.08000183105469,69.08999633789062,68.76000213623047,787300,68.76000213623047
2013-11-26,69.30999755859375,68.0999984741211,68.6500015258789,69.04000091552734,746600,69.04000091552734
2013-11-27,69.25,68.30000305175781,68.83999633789062,68.88999938964844,840600,68.88999938964844
2013-11-29,69.37999725341797,68.30999755859375,68.94999694824219,68.7300033569336,298200,68.7300033569336
2013-12-02,70.86000061035156,68.80999755859375,69.05000305175781,69.97000122070312,1310200,69.97000122070312
2013-12-03,69.88999938964844,68.5,69.41000366210938,68.77999877929688,1005600,68.77999877929688
2013-12-04,69.0,67.79000091552734,68.30000305175781,68.51000213623047,991600,68.51000213623047
2013-12-05,69.18000030517578,68.0199966430664,68.0199966430664,68.8499984741211,860400,68.8499984741211
2013-12-06,70.94999694824219,69.30000305175781,69.30000305175781,69.97000122070312,1216100,69.97000122070312
2013-12-09,71.87999725341797,69.75,69.91000366210938,70.98999786376953,1874400,70.98999786376953
2013-12-10,72.97000122070312,71.13999938964844,71.69000244140625,71.72000122070312,1945600,71.72000122070312
2013-12-11,72.25,69.80999755859375,71.91999816894531,69.9800033569336,1434400,69.9800033569336
2013-12-12,71.04000091552734,69.51000213623047,69.83000183105469,70.58999633789062,1061900,70.58999633789062
2013-12-13,72.33000183105469,70.58999633789062,70.62000274658203,71.98999786376953,1213600,71.98999786376953
2013-12-16,73.7699966430664,72.80000305175781,72.86000061035156,73.31999969482422,1412700,73.31999969482422
2013-12-17,74.75,73.02999877929688,73.33000183105469,74.0999984741211,1475700,74.0999984741211
2013-12-18,75.75,73.1500015258789,75.54000091552734,75.72000122070312,2147800,75.72000122070312
2013-12-19,76.48999786376953,74.80999755859375,75.63999938964844,74.87000274658203,1297800,74.87000274658203
2013-12-20,77.4800033569336,74.16999816894531,74.31999969482422,77.3499984741211,1983400,77.3499984741211
2013-12-23,78.05000305175781,76.91000366210938,77.73999786376953,77.0999984741211,1245500,77.0999984741211
2013-12-24,77.8499984741211,76.6500015258789,77.4800033569336,76.80999755859375,620800,76.80999755859375
2013-12-26,78.37000274658203,77.19999694824219,77.19999694824219,77.87000274658203,904700,77.87000274658203
2013-12-27,78.2300033569336,77.05999755859375,78.2300033569336,77.23999786376953,697100,77.23999786376953
2013-12-30,77.5,76.70999908447266,77.37000274658203,76.98999786376953,996800,76.98999786376953
2013-12-31,78.13999938964844,77.20999908447266,77.37000274658203,77.94999694824219,1380700,77.94999694824219
2014-01-02,77.7300033569336,75.51000213623047,77.2699966430664,76.48999786376953,1292000,76.48999786376953
2014-01-03,77.43000030517578,76.44999694824219,76.58000183105469,77.16000366210938,1569400,77.16000366210938
2014-01-06,78.37000274658203,77.05000305175781,77.18000030517578,77.37000274658203,1253600,77.37000274658203
2014-01-07,78.79000091552734,77.58999633789062,77.70999908447266,77.77999877929688,1180400,77.77999877929688
2014-01-08,79.36000061035156,77.47000122070312,77.73999786376953,78.77999877929688,1713000,78.77999877929688
2014-01-09,79.43000030517578,77.8499984741211,79.36000061035156,78.26000213623047,1019700,78.26000213623047
2014-01-10,79.33000183105469,78.06999969482422,78.18000030517578,79.1500015258789,1035700,79.1500015258789
2014-01-13,79.63999938964844,76.79000091552734,79.04000091552734,77.08000183105469,1458400,77.08000183105469
2014-01-14,78.81999969482422,77.16000366210938,77.98999786376953,78.81999969482422,1140000,78.81999969482422
2014-01-15,82.0,79.3499984741211,79.68000030517578,81.68000030517578,2387900,81.68000030517578
2014-01-16,82.56999969482422,81.30999755859375,81.73999786376953,82.01000213623047,1677000,82.01000213623047
2014-01-17,82.22000122070312,80.83999633789062,81.9000015258789,81.08999633789062,1309600,81.08999633789062
2014-01-21,82.29000091552734,80.44999694824219,82.29000091552734,81.51000213623047,1297500,81.51000213623047
2014-01-22,82.12000274658203,80.75,81.94999694824219,81.58999633789062,2602700,81.58999633789062
2014-01-23,84.19999694824219,80.37999725341797,80.91999816894531,83.31999969482422,4130400,83.31999969482422
2014-01-24,82.87000274658203,79.05999755859375,82.81999969482422,79.5,2742300,79.5
2014-01-27,80.30000305175781,76.12000274658203,79.86000061035156,78.2300033569336,1914200,78.2300033569336
2014-01-28,81.63999938964844,78.75,78.75,81.55999755859375,2289400,81.55999755859375
2014-01-29,81.30999755859375,79.08999633789062,80.72000122070312,79.98999786376953,1964400,79.98999786376953
2014-01-30,82.68000030517578,80.26000213623047,81.05999755859375,81.5999984741211,1680400,81.5999984741211
2014-01-31,82.13999938964844,80.12000274658203,80.69999694824219,80.94000244140625,1192900,80.94000244140625
2014-02-03,81.52999877929688,74.31999969482422,81.12000274658203,74.45999908447266,4193000,74.45999908447266
2014-02-04,78.13999938964844,74.87999725341797,74.94999694824219,76.87000274658203,2380200,76.87000274658203
2014-02-05,77.45999908447266,75.41999816894531,76.95999908447266,76.80999755859375,1461700,76.80999755859375
2014-02-06,79.94999694824219,77.30999755859375,77.33999633789062,79.44999694824219,1713400,79.44999694824219
2014-02-07,81.37000274658203,79.69999694824219,79.87000274658203,80.5999984741211,1307400,80.5999984741211
2014-02-10,80.55999755859375,78.7300033569336,80.44000244140625,79.18000030517578,1259100,79.18000030517578
2014-02-11,82.33999633789062,79.44000244140625,79.47000122070312,81.91000366210938,1729800,81.91000366210938
2014-02-12,83.56999969482422,81.91000366210938,82.69999694824219,82.62999725341797,1252800,82.62999725341797
2014-02-13,83.41999816894531,81.22000122070312,81.43000030517578,82.70999908447266,1190300,82.70999908447266
2014-02-14,83.69999694824219,82.30999755859375,82.45999908447266,83.30999755859375,1025600,83.30999755859375
2014-02-18,85.5999984741211,83.98999786376953,83.98999786376953,85.11000061035156,1449700,85.11000061035156
2014-02-19,85.70999908447266,84.2699966430664,85.36000061035156,84.58999633789062,1254600,84.58999633789062
2014-02-20,87.25,84.01000213623047,84.58000183105469,86.77999877929688,1430500,86.77999877929688
2014-02-21,87.81999969482422,86.55000305175781,86.7699966430664,86.58999633789062,1233100,86.58999633789062
2014-02-24,88.76000213623047,87.01000213623047,87.08999633789062,87.43000030517578,1353300,87.43000030517578
2014-02-25,89.0999984741211,86.98999786376953,87.30999755859375,87.9000015258789,1069800,87.9000015258789
2014-02-26,88.37999725341797,86.0,88.30000305175781,86.20999908447266,1945700,86.20999908447266
2014-02-27,88.55000305175781,86.06999969482422,86.22000122070312,88.08000183105469,2023300,88.08000183105469
2014-02-28,89.08000183105469,87.63999938964844,88.37000274658203,88.33999633789062,1501500,88.33999633789062
2014-03-03,88.26000213623047,86.19999694824219,86.80999755859375,87.5,1288800,87.5
2014-03-04,91.02999877929688,88.7300033569336,89.41000366210938,90.5199966430664,2317700,90.5199966430664
2014-03-05,90.69000244140625,89.16999816894531,90.26000213623047,89.33000183105469,1471700,89.33000183105469
2014-03-06,90.4000015258789,88.36000061035156,89.8499984741211,88.5,1376900,88.5
2014-03-07,89.91000366210938,88.16999816894531,89.91000366210938,88.48999786376953,1849100,88.48999786376953
2014-03-10,92.79000091552734,90.62000274658203,90.62000274658203,91.81999969482422,2923200,91.81999969482422
2014-03-11,92.5999984741211,89.62999725341797,91.98999786376953,89.94999694824219,1295600,89.94999694824219
2014-03-12,91.91999816894531,88.5,89.5,91.91999816894531,1464200,91.91999816894531
2014-03-13,92.44999694824219,88.5999984741211,92.22000122070312,89.30999755859375,1785000,89.30999755859375
2014-03-14,91.20999908447266,88.9000015258789,88.9000015258789,90.08999633789062,1273400,90.08999633789062
2014-03-17,92.83999633789062,90.76000213623047,91.04000091552734,90.91000366210938,1478300,90.91000366210938
2014-03-18,92.16999816894531,90.56999969482422,91.08999633789062,91.87999725341797,1537300,91.87999725341797
2014-03-19,93.31999969482422,91.3499984741211,91.98999786376953,92.66000366210938,1044200,92.66000366210938
2014-03-20,94.83000183105469,92.05000305175781,92.08999633789062,94.76000213623047,1834500,94.76000213623047
2014-03-21,96.51000213623047,94.5,95.13999938964844,94.91000366210938,3168000,94.91000366210938
2014-03-24,95.66999816894531,91.30000305175781,95.5999984741211,92.69000244140625,1672600,92.69000244140625
2014-03-25,94.0,91.76000213623047,93.8499984741211,93.12999725341797,1392000,93.12999725341797
2014-03-26,94.2300033569336,91.44000244140625,93.91000366210938,91.68000030517578,1460800,91.68000030517578
2014-03-27,92.12999725341797,89.69999694824219,91.54000091552734,90.83000183105469,1751700,90.83000183105469
2014-03-28,93.13999938964844,90.5,91.31999969482422,92.43000030517578,1351300,92.43000030517578
2014-03-31,95.66999816894531,92.97000122070312,93.73999786376953,94.94000244140625,1391600,94.94000244140625
2014-04-01,96.72000122070312,95.02999877929688,95.19999694824219,95.94000244140625,1273300,95.94000244140625
2014-04-02,96.66999816894531,94.8499984741211,96.62000274658203,95.04000091552734,1305500,95.04000091552734
2014-04-03,95.83999633789062,93.44000244140625,94.75,94.56999969482422,1450600,94.56999969482422
2014-04-04,95.94000244140625,91.30999755859375,95.36000061035156,91.87000274658203,1665700,91.87000274658203
2014-04-07,91.44000244140625,85.01000213623047,91.3499984741211,85.66000366210938,4117900,85.66000366210938
2014-04-08,88.5999984741211,85.11000061035156,85.75,87.9000015258789,2781300,87.9000015258789
2014-04-09,91.44999694824219,88.06999969482422,88.69999694824219,90.9800033569336,1522900,90.9800033569336
2014-04-10,92.19000244140625,87.76000213623047,91.06999969482422,88.16999816894531,2217200,88.16999816894531
2014-04-11,89.37999725341797,86.41000366210938,87.70999908447266,87.41000366210938,1857900,87.41000366210938
2014-04-14,88.93000030517578,85.80000305175781,88.26000213623047,87.18000030517578,1893900,87.18000030517578
2014-04-15,88.86000061035156,85.87999725341797,88.02999877929688,88.48999786376953,1914800,88.48999786376953
2014-04-16,91.66000366210938,89.69999694824219,90.02999877929688,91.48999786376953,2392200,91.48999786376953
2014-04-17,96.0,92.61000061035156,94.5,93.47000122070312,4058500,93.47000122070312
2014-04-21,94.43000030517578,92.05000305175781,94.27999877929688,93.25,2246000,93.25
2014-04-22,96.41000366210938,93.41000366210938,93.6500015258789,96.0999984741211,2138700,96.0999984741211
2014-04-23,96.47000122070312,93.5999984741211,96.1500015258789,94.45999908447266,1703700,94.45999908447266
2014-04-24,96.12000274658203,93.36000061035156,96.05999755859375,95.0199966430664,1443700,95.0199966430664
2014-04-25,94.55999755859375,92.1500015258789,94.29000091552734,92.3499984741211,1958600,92.3499984741211
2014-04-28,93.38999938964844,88.36000061035156,93.05999755859375,90.37000274658203,2488200,90.37000274658203
2014-04-29,93.20999908447266,91.01000213623047,91.25,92.88999938964844,1699800,92.88999938964844
2014-04-30,93.83000183105469,91.80000305175781,92.69999694824219,93.83000183105469,1528800,93.83000183105469
2014-05-01,95.98999786376953,92.97000122070312,94.16000366210938,93.16999816894531,1973700,93.16999816894531
2014-05-02,94.54000091552734,92.55999755859375,93.16000366210938,94.0,1403400,94.0
2014-05-05,94.86000061035156,92.55999755859375,93.38999938964844,94.44999694824219,1188200,94.44999694824219
2014-05-06,94.66000366210938,93.33000183105469,93.9000015258789,93.43000030517578,1384300,93.43000030517578
2014-05-07,94.69999694824219,92.1500015258789,94.30999755859375,93.33999633789062,1543300,93.33999633789062
2014-05-08,95.41000366210938,92.58999633789062,93.16999816894531,92.88999938964844,1893100,92.88999938964844
2014-05-09,93.70999908447266,91.29000091552734,92.70999908447266,93.47000122070312,1216500,93.47000122070312
2014-05-12,97.87000274658203,93.83000183105469,93.88999938964844,97.66999816894531,1789600,97.66999816894531
2014-05-13,99.25,97.22000122070312,97.79000091552734,97.6500015258789,1406600,97.6500015258789
2014-05-14,98.7300033569336,96.62000274658203,97.45999908447266,96.7300033569336,1075600,96.7300033569336
2014-05-15,96.7300033569336,91.93000030517578,96.06999969482422,94.44000244140625,2736500,94.44000244140625
2014-05-16,96.16999816894531,93.13999938964844,94.3499984741211,95.36000061035156,1791400,95.36000061035156
2014-05-19,97.0999984741211,95.16999816894531,95.30000305175781,96.61000061035156,1469200,96.61000061035156
2014-05-20,97.72000122070312,95.3499984741211,96.5199966430664,96.37999725341797,1582300,96.37999725341797
2014-05-21,98.48999786376953,96.58999633789062,96.77999877929688,97.47000122070312,1541600,97.47000122070312
2014-05-22,99.08999633789062,97.06999969482422,97.6500015258789,98.77999877929688,1449600,98.77999877929688
2014-05-23,99.94999694824219,98.0,98.98999786376953,99.88999938964844,1256000,99.88999938964844
2014-05-27,102.4800033569336,100.7300033569336,101.08999633789062,101.2699966430664,1552600,101.2699966430664
2014-05-28,101.76000213623047,100.08999633789062,101.2699966430664,100.93000030517578,1332000,100.93000030517578
2014-05-29,101.51000213623047,100.19999694824219,101.2699966430664,101.51000213623047,926200,101.51000213623047
2014-05-30,101.86000061035156,100.30999755859375,101.62999725341797,101.05000305175781,4078300,101.05000305175781
2014-06-02,101.7300033569336,99.19000244140625,100.7699966430664,101.5,1249100,101.5
2014-06-03,102.0,100.1500015258789,100.52999877929688,100.98999786376953,960000,100.98999786376953
2014-06-04,102.44000244140625,100.66000366210938,101.0,102.20999908447266,1471700,102.20999908447266
2014-06-05,106.7300033569336,103.0,103.04000091552734,105.94999694824219,1971800,105.94999694824219
2014-06-06,106.55999755859375,105.12000274658203,105.7699966430664,105.97000122070312,1731400,105.97000122070312
2014-06-09,108.45999908447266,105.52999877929688,105.52999877929688,107.73999786376953,1691500,107.73999786376953
2014-06-10,107.5,105.33000183105469,107.0,107.16999816894531,1058300,107.16999816894531
2014-06-11,107.44999694824219,104.80000305175781,105.98999786376953,107.05000305175781,1245000,107.05000305175781
2014-06-12,107.0,104.36000061035156,106.55000305175781,105.01000213623047,1414900,105.01000213623047
2014-06-13,105.93000030517578,104.16999816894531,105.13999938964844,105.38999938964844,994100,105.38999938964844
2014-06-16,105.58999633789062,103.87999725341797,104.69000244140625,105.16000366210938,1521500,105.16000366210938
2014-06-17,103.80999755859375,101.80000305175781,103.19999694824219,102.75,2201600,102.75
2014-06-18,104.86000061035156,102.5,103.12999725341797,104.7699966430664,1436100,104.7699966430664
2014-06-19,104.8499984741211,103.38999938964844,104.8499984741211,104.2300033569336,968900,104.2300033569336
2014-06-20,105.33999633789062,103.63999938964844,104.29000091552734,105.25,3206900,105.25
2014-06-23,106.41999816894531,104.8499984741211,106.0,105.37000274658203,1087600,105.37000274658203
2014-06-24,106.5999984741211,103.63999938964844,105.37000274658203,103.70999908447266,1236500,103.70999908447266
2014-06-25,105.6500015258789,103.11000061035156,103.79000091552734,105.58000183105469,985300,105.58000183105469
2014-06-26,105.77999877929688,103.93000030517578,105.58000183105469,105.27999877929688,689700,105.27999877929688
2014-06-27,105.68000030517578,104.12000274658203,105.01000213623047,104.88999938964844,959500,104.88999938964844
2014-06-30,105.20999908447266,104.13999938964844,104.9800033569336,104.7300033569336,1222600,104.7300033569336
2014-07-01,107.47000122070312,104.98999786376953,105.44000244140625,107.20999908447266,1325900,107.20999908447266
2014-07-02,108.38999938964844,106.75,106.75,107.5,702300,107.5
2014-07-03,109.18000030517578,107.94999694824219,108.44999694824219,108.95999908447266,489000,108.95999908447266
2014-07-07,108.5,106.1500015258789,108.25,106.36000061035156,993700,106.36000061035156
2014-07-08,106.91000366210938,104.8499984741211,106.38999938964844,106.27999877929688,1234500,106.27999877929688
2014-07-09,108.38999938964844,106.5999984741211,106.62999725341797,108.3499984741211,999500,108.3499984741211
2014-07-10,108.54000091552734,105.25,106.43000030517578,107.69000244140625,1022900,107.69000244140625
2014-07-11,107.8499984741211,106.16000366210938,107.33999633789062,107.38999938964844,704900,107.38999938964844
2014-07-14,109.5999984741211,108.0199966430664,108.44999694824219,109.5,1151800,109.5
2014-07-15,110.0,107.27999877929688,109.51000213623047,107.66000366210938,1495000,107.66000366210938
2014-07-16,108.86000061035156,107.30000305175781,108.5999984741211,108.2300033569336,1777400,108.2300033569336
2014-07-17,114.94999694824219,109.0,111.94000244140625,110.05999755859375,3232800,110.05999755859375
2014-07-18,112.1500015258789,110.0999984741211,110.51000213623047,112.04000091552734,1553900,112.04000091552734
2014-07-21,112.25,111.05999755859375,111.08000183105469,111.77999877929688,1040000,111.77999877929688
2014-07-22,113.95999908447266,112.0199966430664,112.0999984741211,113.33000183105469,917300,113.33000183105469
2014-07-23,114.0,112.55999755859375,113.94000244140625,112.7699966430664,815400,112.7699966430664
2014-07-24,113.83999633789062,112.33000183105469,113.06999969482422,112.62999725341797,830700,112.62999725341797
2014-07-25,113.18000030517578,112.11000061035156,112.33999633789062,112.69000244140625,750700,112.69000244140625
2014-07-28,112.94999694824219,110.66999816894531,112.94999694824219,111.18000030517578,960600,111.18000030517578
2014-07-29,112.37999725341797,110.27999877929688,111.43000030517578,110.45999908447266,949800,110.45999908447266
2014-07-30,111.75,109.61000061035156,111.62999725341797,110.55000305175781,859800,110.55000305175781
2014-07-31,109.41000366210938,104.54000091552734,108.87000274658203,105.9000015258789,2120700,105.9000015258789
2014-08-01,107.05999755859375,103.5999984741211,104.63999938964844,105.87000274658203,1675700,105.87000274658203
2014-08-04,107.37000274658203,105.1500015258789,106.19999694824219,106.9800033569336,982900,106.9800033569336
2014-08-05,107.44000244140625,104.9000015258789,106.61000061035156,105.7699966430664,1082500,105.7699966430664
2014-08-06,106.4800033569336,104.66999816894531,105.5,105.44000244140625,1033600,105.44000244140625
2014-08-07,108.30000305175781,104.80000305175781,106.43000030517578,105.2300033569336,1737000,105.2300033569336
2014-08-08,107.31999969482422,104.33000183105469,105.25,107.25,970600,107.25
2014-08-11,110.36000061035156,108.25,108.43000030517578,109.41999816894531,1192400,109.41999816894531
2014-08-12,110.16999816894531,108.7300033569336,109.23999786376953,109.62999725341797,789400,109.62999725341797
2014-08-13,111.68000030517578,109.7699966430664,110.5,110.8499984741211,990500,110.8499984741211
2014-08-14,112.08999633789062,111.16999816894531,111.66000366210938,111.55000305175781,1085600,111.55000305175781
2014-08-15,112.47000122070312,109.5,112.1500015258789,111.70999908447266,1028200,111.70999908447266
2014-08-18,114.45999908447266,112.38999938964844,112.63999938964844,114.29000091552734,1063100,114.29000091552734
2014-08-19,116.62999725341797,114.66999816894531,114.9000015258789,115.41000366210938,976100,115.41000366210938
2014-08-20,116.98999786376953,114.55000305175781,114.76000213623047,116.69999694824219,866100,116.69999694824219
2014-08-21,116.86000061035156,115.23999786376953,116.80999755859375,116.2699966430664,863800,116.2699966430664
2014-08-22,117.97000122070312,115.5,116.2699966430664,117.2300033569336,716400,117.2300033569336
2014-08-25,119.18000030517578,117.41999816894531,118.41000366210938,117.9800033569336,871500,117.9800033569336
2014-08-26,118.7699966430664,117.5,118.29000091552734,118.33000183105469,726600,118.33000183105469
2014-08-27,118.58000183105469,116.69000244140625,118.16000366210938,117.63999938964844,786700,117.63999938964844
2014-08-28,117.48999786376953,115.69000244140625,116.73999786376953,117.0999984741211,626500,117.0999984741211
2014-08-29,118.27999877929688,117.2300033569336,117.80000305175781,117.6500015258789,577900,117.6500015258789
2014-09-02,119.5,117.55999755859375,118.44999694824219,118.83999633789062,1071700,118.83999633789062
2014-09-03,119.83000183105469,117.62999725341797,119.44000244140625,118.22000122070312,912200,118.22000122070312
2014-09-04,119.79000091552734,117.9000015258789,118.44999694824219,118.30000305175781,758100,118.30000305175781
2014-09-05,118.91000366210938,117.11000061035156,118.16999816894531,118.51000213623047,691900,118.51000213623047
2014-09-08,119.01000213623047,118.01000213623047,118.2699966430664,118.30000305175781,765300,118.30000305175781
2014-09-09,118.62000274658203,115.22000122070312,118.11000061035156,115.55999755859375,1250800,115.55999755859375
2014-09-10,116.19999694824219,113.29000091552734,115.7699966430664,115.19999694824219,1332700,115.19999694824219
2014-09-11,116.13999938964844,114.02999877929688,114.7300033569336,116.0999984741211,1100700,116.0999984741211
2014-09-12,116.91000366210938,115.62999725341797,116.41999816894531,116.5999984741211,1099300,116.5999984741211
2014-09-15,118.8499984741211,115.6500015258789,117.5,116.29000091552734,1631000,116.29000091552734
2014-09-16,118.04000091552734,115.5,115.68000030517578,117.70999908447266,1696200,117.70999908447266
2014-09-17,118.48999786376953,117.06999969482422,118.0,117.63999938964844,1025500,117.63999938964844
2014-09-18,118.94999694824219,117.20999908447266,118.5,118.69999694824219,1007000,118.69999694824219
2014-09-19,119.68000030517578,116.69999694824219,119.68000030517578,116.69999694824219,15985500,116.69999694824219
2014-09-22,117.16000366210938,114.56999969482422,116.97000122070312,114.8499984741211,2124700,114.8499984741211
2014-09-23,114.72000122070312,113.0,114.0,113.47000122070312,1073200,113.47000122070312
2014-09-24,114.22000122070312,112.3499984741211,113.2300033569336,114.13999938964844,1171300,114.13999938964844
2014-09-25,113.9800033569336,110.7699966430664,113.87999725341797,110.9800033569336,1462000,110.9800033569336
2014-09-26,112.61000061035156,110.73999786376953,110.98999786376953,112.5,1265500,112.5
2014-09-29,112.77999877929688,110.4800033569336,110.61000061035156,112.5199966430664,1034800,112.5199966430664
2014-09-30,113.7300033569336,110.87999725341797,112.75,111.0999984741211,1527600,111.0999984741211
2014-10-01,110.9800033569336,103.43000030517578,110.91999816894531,104.43000030517578,3652900,104.43000030517578
2014-10-02,105.97000122070312,101.51000213623047,104.3499984741211,105.44999694824219,2468000,105.44999694824219
2014-10-03,111.11000061035156,106.08000183105469,106.12999725341797,109.16000366210938,2706000,109.16000366210938
2014-10-06,109.87000274658203,106.58000183105469,109.62000274658203,107.05999755859375,1483800,107.05999755859375
2014-10-07,104.13999938964844,99.18000030517578,104.13999938964844,99.2699966430664,4229700,99.2699966430664
2014-10-08,103.25,96.87000274658203,99.4000015258789,103.12000274658203,3527500,103.12000274658203
2014-10-09,103.26000213623047,97.7699966430664,102.5,97.91000366210938,2709500,97.91000366210938
2014-10-10,97.86000061035156,93.47000122070312,97.79000091552734,93.73999786376953,3277200,93.73999786376953
2014-10-13,94.9800033569336,90.11000061035156,93.91999816894531,90.30000305175781,2795700,90.30000305175781
2014-10-14,94.5999984741211,90.87000274658203,91.0199966430664,92.44999694824219,2908100,92.44999694824219
2014-10-15,94.08000183105469,88.33999633789062,91.2699966430664,93.43000030517578,3109200,93.43000030517578
2014-10-16,100.9000015258789,89.43000030517578,93.55000305175781,99.63999938964844,6522100,99.63999938964844
2014-10-17,106.5,100.5,103.38999938964844,103.2699966430664,3487900,103.2699966430664
2014-10-20,104.26000213623047,101.79000091552734,102.5,104.01000213623047,2719700,104.01000213623047
2014-10-21,109.22000122070312,104.8499984741211,105.05000305175781,108.6500015258789,2713300,108.6500015258789
2014-10-22,109.1500015258789,104.75,109.02999877929688,104.9000015258789,2030800,104.9000015258789
2014-10-23,108.55000305175781,106.4000015258789,107.01000213623047,107.41000366210938,1818000,107.41000366210938
2014-10-24,107.98999786376953,106.05000305175781,107.69000244140625,107.95999908447266,1026900,107.95999908447266
2014-10-27,107.37000274658203,104.7300033569336,107.33000183105469,106.16000366210938,1412100,106.16000366210938
2014-10-28,108.87000274658203,106.41000366210938,106.68000030517578,108.73999786376953,1426100,108.73999786376953
2014-10-29,109.98999786376953,106.05999755859375,108.77999877929688,107.16000366210938,1493900,107.16000366210938
2014-10-30,107.62999725341797,105.20999908447266,106.68000030517578,106.12000274658203,1372000,106.12000274658203
2014-10-31,110.38999938964844,107.5199966430664,108.01000213623047,110.05999755859375,1770900,110.05999755859375
2014-11-03,113.61000061035156,109.9000015258789,109.91999816894531,111.80999755859375,1663000,111.80999755859375
2014-11-04,111.29000091552734,107.62999725341797,111.04000091552734,109.5999984741211,1598800,109.5999984741211
2014-11-05,112.5,110.41999816894531,110.88999938964844,111.16999816894531,1276700,111.16999816894531
2014-11-06,114.0199966430664,111.11000061035156,111.41000366210938,113.76000213623047,1369800,113.76000213623047
2014-11-07,114.94999694824219,112.8499984741211,113.55999755859375,113.38999938964844,1358000,113.38999938964844
2014-11-10,114.94000244140625,113.30999755859375,113.70999908447266,113.69999694824219,957300,113.69999694824219
2014-11-11,115.2300033569336,112.66999816894531,114.0,113.9800033569336,975000,113.9800033569336
2014-11-12,115.08000183105469,112.94000244140625,113.31999969482422,114.43000030517578,999900,114.43000030517578
2014-11-13,114.70999908447266,112.62000274658203,114.02999877929688,113.55000305175781,1164400,113.55000305175781
2014-11-14,115.26000213623047,113.08999633789062,113.30999755859375,115.16999816894531,1113300,115.16999816894531
2014-11-17,114.68000030517578,112.29000091552734,114.31999969482422,113.01000213623047,1203900,113.01000213623047
2014-11-18,114.5999984741211,112.56999969482422,113.16999816894531,114.16999816894531,877300,114.16999816894531
2014-11-19,114.5,112.5,113.7699966430664,114.30000305175781,895800,114.30000305175781
2014-11-20,114.83999633789062,112.9000015258789,113.62999725341797,114.5199966430664,750700,114.5199966430664
2014-11-21,116.81999969482422,114.33000183105469,115.83000183105469,114.70999908447266,1163200,114.70999908447266
2014-11-24,116.52999877929688,113.75,115.0,115.73999786376953,1161200,115.73999786376953
2014-11-25,119.12000274658203,115.73999786376953,115.73999786376953,119.0199966430664,1791000,119.0199966430664
2014-11-26,119.3499984741211,117.70999908447266,118.61000061035156,118.69999694824219,970600,118.69999694824219
2014-11-28,118.5,111.33000183105469,118.5,113.30999755859375,1554500,113.30999755859375
2014-12-01,112.25,103.8499984741211,111.81999969482422,106.37000274658203,3768000,106.37000274658203
2014-12-02,109.3499984741211,107.06999969482422,107.19000244140625,108.73999786376953,1997400,108.73999786376953
2014-12-03,113.20999908447266,108.91000366210938,109.56999969482422,112.51000213623047,1803300,112.51000213623047
2014-12-04,113.52999877929688,110.72000122070312,112.22000122070312,113.3499984741211,1537900,113.3499984741211
2014-12-05,116.29000091552734,112.95999908447266,115.16999816894531,114.54000091552734,1465800,114.54000091552734
2014-12-08,114.2300033569336,109.3499984741211,113.98999786376953,110.83999633789062,1490700,110.83999633789062
2014-12-09,109.37999725341797,106.37000274658203,108.91000366210938,109.30999755859375,2397400,109.30999755859375
2014-12-10,111.16999816894531,107.58999633789062,109.3499984741211,108.20999908447266,2045200,108.20999908447266
2014-12-11,110.33999633789062,106.25,108.38999938964844,106.52999877929688,1846200,106.52999877929688
2014-12-12,105.02999877929688,99.58000183105469,105.0199966430664,99.68000030517578,3356700,99.68000030517578
2014-12-15,102.63999938964844,98.80999755859375,101.01000213623047,99.45999908447266,2561100,99.45999908447266
2014-12-16,104.3499984741211,98.26000213623047,98.7300033569336,99.70999908447266,3449300,99.70999908447266
2014-12-17,100.23999786376953,97.0,99.75,99.19000244140625,4814600,99.19000244140625
2014-12-18,103.20999908447266,99.16999816894531,101.41999816894531,100.76000213623047,2703900,100.76000213623047
2014-12-19,101.86000061035156,99.66999816894531,101.04000091552734,101.33000183105469,3073700,101.33000183105469
2014-12-22,102.94000244140625,101.01000213623047,101.66999816894531,102.37000274658203,1354700,102.37000274658203
2014-12-23,105.44000244140625,102.58999633789062,102.7300033569336,104.68000030517578,1337600,104.68000030517578
2014-12-24,106.02999877929688,104.19000244140625,104.7300033569336,104.83999633789062,667100,104.83999633789062
2014-12-26,106.80000305175781,104.98999786376953,104.98999786376953,106.02999877929688,847400,106.02999877929688
2014-12-29,106.41999816894531,105.23999786376953,105.88999938964844,105.69000244140625,736400,105.69000244140625
2014-12-30,105.7699966430664,103.55000305175781,105.20999908447266,104.12000274658203,1029800,104.12000274658203
2014-12-31,104.5999984741211,101.87000274658203,104.5999984741211,102.01000213623047,1361800,102.01000213623047
2015-01-02,103.8499984741211,100.45999908447266,103.11000061035156,103.58999633789062,1321800,103.58999633789062
2015-01-05,102.81999969482422,90.9800033569336,102.68000030517578,92.25,5609000,92.25
2015-01-06,92.83999633789062,86.27999877929688,92.6500015258789,89.38999938964844,6799400,89.38999938964844
2015-01-07,90.9000015258789,87.76000213623047,90.47000122070312,88.58000183105469,3973500,88.58000183105469
2015-01-08,91.12999725341797,89.5,90.06999969482422,90.47000122070312,3246900,90.47000122070312
2015-01-09,91.5,88.16000366210938,90.56999969482422,89.29000091552734,2475900,89.29000091552734
2015-01-12,89.29000091552734,84.77999877929688,89.29000091552734,85.77999877929688,3570500,85.77999877929688
2015-01-13,88.4000015258789,84.08000183105469,87.2300033569336,85.80999755859375,2901100,85.80999755859375
2015-01-14,84.4800033569336,81.91000366210938,82.94999694824219,84.0,3916300,84.0
2015-01-15,85.44999694824219,83.08000183105469,84.29000091552734,83.11000061035156,3331000,83.11000061035156
2015-01-16,84.2300033569336,81.25,82.30000305175781,82.30999755859375,4509300,82.30999755859375
2015-01-20,84.83999633789062,81.29000091552734,82.41999816894531,84.47000122070312,3399800,84.47000122070312
2015-01-21,88.0999984741211,83.98999786376953,84.25,87.55999755859375,4274400,87.55999755859375
2015-01-22,92.08999633789062,82.11000061035156,91.62999725341797,86.02999877929688,7588100,86.02999877929688
2015-01-23,89.5,86.8499984741211,87.69000244140625,88.43000030517578,6559100,88.43000030517578
2015-01-26,91.54000091552734,88.7300033569336,88.8499984741211,90.45999908447266,4462900,90.45999908447266
2015-01-27,89.77999877929688,87.0,87.9000015258789,88.72000122070312,3230600,88.72000122070312
2015-01-28,89.44000244140625,86.01000213623047,89.0,86.26000213623047,4035000,86.26000213623047
2015-01-29,86.81999969482422,84.66000366210938,86.5,86.31999969482422,3160300,86.31999969482422
2015-01-30,85.9800033569336,82.69999694824219,85.37000274658203,82.8499984741211,4288500,82.8499984741211
2015-02-02,85.61000061035156,82.51000213623047,83.01000213623047,85.1500015258789,3084000,85.1500015258789
2015-02-03,90.31999969482422,85.66999816894531,85.87999725341797,90.08999633789062,3564800,90.08999633789062
2015-02-04,89.9800033569336,88.18000030517578,89.0,89.0,2760000,89.0
2015-02-05,90.68000030517578,88.5199966430664,89.55999755859375,89.0,1992000,89.0
2015-02-06,91.0,88.75,90.13999938964844,89.72000122070312,1625800,89.72000122070312
2015-02-09,91.44999694824219,89.13999938964844,89.13999938964844,90.97000122070312,2019300,90.97000122070312
2015-02-10,92.08000183105469,90.12000274658203,92.0,91.06999969482422,1463900,91.06999969482422
2015-02-11,90.88999938964844,89.18000030517578,90.77999877929688,90.05999755859375,1605700,90.05999755859375
2015-02-12,92.0,90.4000015258789,90.55000305175781,91.56999969482422,1283200,91.56999969482422
2015-02-13,93.91000366210938,91.80000305175781,91.98999786376953,92.9800033569336,1281500,92.9800033569336
2015-02-17,94.76000213623047,92.44999694824219,92.94000244140625,94.29000091552734,1527400,94.29000091552734
2015-02-18,95.62999725341797,94.0999984741211,94.79000091552734,95.38999938964844,1582400,95.38999938964844
2015-02-19,95.45999908447266,93.02999877929688,93.80999755859375,94.80999755859375,1387100,94.80999755859375
2015-02-20,96.02999877929688,93.52999877929688,94.69000244140625,95.9800033569336,1198000,95.9800033569336
2015-02-23,95.9000015258789,94.01000213623047,95.43000030517578,94.54000091552734,1266000,94.54000091552734
2015-02-24,95.04000091552734,93.4800033569336,94.58999633789062,93.86000061035156,945700,93.86000061035156
2015-02-25,94.41000366210938,92.98999786376953,94.05999755859375,94.05999755859375,1054300,94.05999755859375
2015-02-26,94.83999633789062,93.4000015258789,94.36000061035156,94.26000213623047,1282400,94.26000213623047
2015-02-27,94.83999633789062,93.0,94.36000061035156,93.05999755859375,1418800,93.05999755859375
2015-03-02,95.2699966430664,93.48999786376953,95.01000213623047,94.66000366210938,1919000,94.66000366210938
2015-03-03,95.5,93.98999786376953,94.9000015258789,94.30999755859375,1195900,94.30999755859375
2015-03-04,94.0,91.19999694824219,94.0,92.33999633789062,1503800,92.33999633789062
2015-03-05,92.55000305175781,90.76000213623047,92.54000091552734,92.05999755859375,1340500,92.05999755859375
2015-03-06,92.45999908447266,90.25,90.75,90.5,1727000,90.5
2015-03-09,91.20999908447266,90.12999725341797,91.0,90.81999969482422,955600,90.81999969482422
2015-03-10,89.47000122070312,86.37999725341797,89.45999908447266,87.05000305175781,3158700,87.05000305175781
2015-03-11,88.20999908447266,86.5,87.08000183105469,87.61000061035156,1711000,87.61000061035156
2015-03-12,89.06999969482422,87.77999877929688,87.87000274658203,88.19999694824219,1375000,88.19999694824219
2015-03-13,87.97000122070312,86.0999984741211,87.48999786376953,87.80000305175781,1808900,87.80000305175781
2015-03-16,88.72000122070312,87.0,88.23999786376953,87.79000091552734,1567600,87.79000091552734
2015-03-17,88.7699966430664,87.19999694824219,87.76000213623047,87.33000183105469,1641800,87.33000183105469
2015-03-18,89.80000305175781,86.0,86.81999969482422,88.91999816894531,3344900,88.91999816894531
2015-03-19,88.8499984741211,87.66000366210938,88.8499984741211,88.4800033569336,1340500,88.4800033569336
2015-03-20,89.30000305175781,88.12999725341797,89.06999969482422,88.8499984741211,1894300,88.8499984741211
2015-03-23,88.91999816894531,88.06999969482422,88.66999816894531,88.69000244140625,1656000,88.69000244140625
2015-03-24,89.69000244140625,88.30000305175781,88.4800033569336,88.91000366210938,1399800,88.91000366210938
2015-03-25,90.5999984741211,89.16999816894531,89.80000305175781,89.16999816894531,2225900,89.16999816894531
2015-03-26,92.11000061035156,88.25,88.48999786376953,91.08999633789062,2922600,91.08999633789062
2015-03-27,90.91999816894531,89.04000091552734,90.5999984741211,90.05000305175781,2231500,90.05000305175781
2015-03-30,92.31999969482422,90.51000213623047,90.63999938964844,91.86000061035156,1230900,91.86000061035156
2015-03-31,92.1500015258789,90.2699966430664,91.12999725341797,91.16000366210938,1691900,91.16000366210938
2015-04-01,92.7300033569336,90.4000015258789,90.45999908447266,91.4800033569336,1578300,91.4800033569336
2015-04-02,92.3499984741211,90.62000274658203,91.37999725341797,90.6500015258789,1572700,90.6500015258789
2015-04-06,94.06999969482422,90.0,90.16000366210938,93.62999725341797,1582900,93.62999725341797
2015-04-07,94.19000244140625,92.75,93.61000061035156,92.94000244140625,985100,92.94000244140625
2015-04-08,94.13999938964844,91.73999786376953,92.97000122070312,93.16999816894531,1444600,93.16999816894531
2015-04-09,94.72000122070312,92.69999694824219,93.01000213623047,94.66000366210938,1423300,94.66000366210938
2015-04-10,96.05000305175781,94.55000305175781,95.23999786376953,95.95999908447266,1400800,95.95999908447266
2015-04-13,96.75,95.5999984741211,95.95999908447266,95.83000183105469,1432600,95.83000183105469
2015-04-14,97.66999816894531,95.5,95.54000091552734,97.56999969482422,1673100,97.56999969482422
2015-04-15,100.0199966430664,96.73999786376953,97.5999984741211,99.30000305175781,1839400,99.30000305175781
2015-04-16,98.9800033569336,97.41000366210938,98.73999786376953,97.48999786376953,1598500,97.48999786376953
2015-04-17,97.11000061035156,95.26000213623047,96.66999816894531,96.45999908447266,2199600,96.45999908447266
2015-04-20,99.1500015258789,97.0,98.0,98.86000061035156,2366900,98.86000061035156
2015-04-21,99.43000030517578,96.87000274658203,99.25,97.9000015258789,2766200,97.9000015258789
2015-04-22,97.5199966430664,93.72000122070312,94.0,95.79000091552734,6819300,95.79000091552734
2015-04-23,99.0,96.0,96.05000305175781,98.52999877929688,2698200,98.52999877929688
2015-04-24,99.43000030517578,96.33999633789062,99.2699966430664,96.63999938964844,2093500,96.63999938964844
2015-04-27,97.87999725341797,96.02999877929688,96.9800033569336,96.5199966430664,1778300,96.5199966430664
2015-04-28,96.95999908447266,95.19999694824219,96.56999969482422,96.23999786376953,1533300,96.23999786376953
2015-04-29,98.48999786376953,95.91999816894531,96.02999877929688,97.76000213623047,1956800,97.76000213623047
2015-04-30,98.63999938964844,96.1500015258789,97.20999908447266,96.58000183105469,1424100,96.58000183105469
2015-05-01,99.54000091552734,96.87999725341797,96.87999725341797,99.2699966430664,1352600,99.2699966430664
2015-05-04,99.98999786376953,98.5,99.44999694824219,99.0199966430664,897700,99.0199966430664
2015-05-05,102.94000244140625,99.0999984741211,99.22000122070312,100.52999877929688,2860800,100.52999877929688
2015-05-06,101.58999633789062,99.33999633789062,100.98999786376953,99.8499984741211,1873500,99.8499984741211
2015-05-07,100.05000305175781,98.0,99.51000213623047,99.30000305175781,1511000,99.30000305175781
2015-05-08,101.5,99.9800033569336,100.45999908447266,101.41000366210938,954400,101.41000366210938
2015-05-11,101.98999786376953,99.55999755859375,101.18000030517578,101.6500015258789,2077300,101.6500015258789
2015-05-12,103.4000015258789,100.16999816894531,100.69000244140625,102.9800033569336,2715300,102.9800033569336
2015-05-13,104.68000030517578,102.91000366210938,103.0,103.4800033569336,2138700,103.4800033569336
2015-05-14,104.23999786376953,102.47000122070312,103.83000183105469,103.05000305175781,981800,103.05000305175781
2015-05-15,103.4800033569336,100.9000015258789,102.91000366210938,103.16999816894531,1635800,103.16999816894531
2015-05-18,103.79000091552734,102.44999694824219,103.20999908447266,103.61000061035156,1055600,103.61000061035156
2015-05-19,104.2699966430664,101.63999938964844,104.16000366210938,102.01000213623047,1454000,102.01000213623047
2015-05-20,103.4000015258789,101.08999633789062,101.95999908447266,103.25,1249500,103.25
2015-05-21,105.83000183105469,103.01000213623047,103.01000213623047,105.12999725341797,2316100,105.12999725341797
2015-05-22,105.36000061035156,103.63999938964844,104.98999786376953,104.88999938964844,1159500,104.88999938964844
2015-05-26,105.12000274658203,103.88999938964844,104.69999694824219,104.36000061035156,1413900,104.36000061035156
2015-05-27,105.44000244140625,104.08999633789062,104.44999694824219,104.5,1154400,104.5
2015-05-28,101.0,94.2699966430664,101.0,94.94999694824219,8954200,94.94999694824219
2015-05-29,93.31999969482422,87.9000015258789,92.66999816894531,88.91000366210938,10693400,88.91000366210938
2015-06-01,90.80999755859375,88.5199966430664,89.68000030517578,90.37999725341797,3950600,90.37999725341797
2015-06-02,92.87999725341797,90.18000030517578,90.19999694824219,92.05999755859375,2881100,92.05999755859375
2015-06-03,92.94000244140625,91.18000030517578,92.27999877929688,91.62999725341797,2239000,91.62999725341797
2015-06-04,91.8499984741211,90.69999694824219,90.8499984741211,91.19000244140625,2116500,91.19000244140625
2015-06-05,92.2699966430664,90.8499984741211,91.51000213623047,91.86000061035156,1307400,91.86000061035156
2015-06-08,92.31999969482422,90.16999816894531,91.87000274658203,90.33999633789062,1631700,90.33999633789062
2015-06-09,90.58000183105469,88.45999908447266,90.2300033569336,88.87999725341797,2340900,88.87999725341797
2015-06-10,90.33999633789062,89.06999969482422,89.56999969482422,89.68000030517578,1889100,89.68000030517578
2015-06-11,90.36000061035156,89.5999984741211,89.7699966430664,89.72000122070312,1305900,89.72000122070312
2015-06-12,92.25,89.87000274658203,90.83999633789062,91.44000244140625,2325300,91.44000244140625
2015-06-15,91.76000213623047,89.8499984741211,90.77999877929688,91.13999938964844,1483900,91.13999938964844
2015-06-16,89.5,86.87999725341797,89.11000061035156,88.76000213623047,3588700,88.76000213623047
2015-06-17,91.05000305175781,88.81999969482422,88.93000030517578,90.52999877929688,2134000,90.52999877929688
2015-06-18,93.0,90.70999908447266,90.7699966430664,92.58000183105469,1905200,92.58000183105469
2015-06-19,92.7300033569336,91.76000213623047,92.18000030517578,91.91999816894531,1409900,91.91999816894531
2015-06-22,92.6500015258789,91.12999725341797,92.25,92.12999725341797,1503300,92.12999725341797
2015-06-23,93.3499984741211,92.02999877929688,92.4000015258789,92.56999969482422,1816500,92.56999969482422
2015-06-24,92.98999786376953,91.56999969482422,92.51000213623047,92.31999969482422,1136900,92.31999969482422
2015-06-25,92.61000061035156,88.98999786376953,92.61000061035156,89.58000183105469,2111800,89.58000183105469
2015-06-26,90.02999877929688,89.12000274658203,89.8499984741211,89.97000122070312,1568100,89.97000122070312
2015-06-29,89.38999938964844,87.08000183105469,88.87999725341797,87.23999786376953,2221400,87.23999786376953
2015-06-30,88.5999984741211,87.5,88.12000274658203,87.62000274658203,1809400,87.62000274658203
2015-07-01,87.98999786376953,82.95999908447266,87.63999938964844,83.5999984741211,4131900,83.5999984741211
2015-07-02,84.66999816894531,83.08000183105469,83.70999908447266,84.27999877929688,1788800,84.27999877929688
2015-07-06,85.2699966430664,82.62999725341797,83.30999755859375,83.25,1737200,83.25
2015-07-07,83.69000244140625,80.08000183105469,83.30000305175781,83.30999755859375,2301700,83.30999755859375
2015-07-08,83.12999725341797,78.9000015258789,82.94000244140625,80.05000305175781,2950900,80.05000305175781
2015-07-09,83.30999755859375,81.33999633789062,81.5,81.37000274658203,2446900,81.37000274658203
2015-07-10,82.58999633789062,81.18000030517578,82.44000244140625,81.38999938964844,1463300,81.38999938964844
2015-07-13,82.62999725341797,81.44999694824219,82.20999908447266,82.01000213623047,1647000,82.01000213623047
2015-07-14,82.55000305175781,81.41000366210938,81.9000015258789,82.31999969482422,1446900,82.31999969482422
2015-07-15,82.20999908447266,80.08000183105469,82.06999969482422,80.12999725341797,2771900,80.12999725341797
2015-07-16,82.31999969482422,80.5199966430664,80.95999908447266,81.77999877929688,2058000,81.77999877929688
2015-07-17,82.33999633789062,80.30000305175781,81.93000030517578,81.26000213623047,2165200,81.26000213623047
2015-07-20,80.79000091552734,79.11000061035156,80.51000213623047,79.19999694824219,2756000,79.19999694824219
2015-07-21,80.12999725341797,78.33999633789062,79.25,78.7699966430664,2252700,78.7699966430664
2015-07-22,78.4800033569336,76.81999969482422,78.41000366210938,77.62999725341797,3110300,77.62999725341797
2015-07-23,74.91999816894531,66.73999786376953,71.87999725341797,66.9800033569336,13080400,66.9800033569336
2015-07-24,66.75,62.459999084472656,66.75,64.72000122070312,12555600,64.72000122070312
2015-07-27,66.55000305175781,63.0099983215332,64.22000122070312,65.16000366210938,4908200,65.16000366210938
2015-07-28,67.5,65.61000061035156,65.86000061035156,66.93000030517578,3835600,66.93000030517578
2015-07-29,67.55000305175781,66.25,67.16000366210938,66.87999725341797,3717900,66.87999725341797
2015-07-30,66.72000122070312,64.87999725341797,66.01000213623047,66.54000091552734,2109100,66.54000091552734
2015-07-31,68.48999786376953,66.77999877929688,66.9000015258789,66.98999786376953,2492800,66.98999786376953
2015-08-03,66.63999938964844,65.11000061035156,66.45999908447266,65.27999877929688,2177400,65.27999877929688
2015-08-04,66.9000015258789,65.16999816894531,66.01000213623047,65.5,1902100,65.5
2015-08-05,67.05999755859375,65.29000091552734,66.0,65.47000122070312,1801300,65.47000122070312
2015-08-06,66.20999908447266,64.66000366210938,65.30999755859375,65.66000366210938,2304200,65.66000366210938
2015-08-07,66.12000274658203,63.66999816894531,65.4000015258789,63.810001373291016,1859900,63.810001373291016
2015-08-10,67.48999786376953,64.18000030517578,64.73999786376953,66.70999908447266,2596500,66.70999908447266
2015-08-11,67.08999633789062,64.61000061035156,65.77999877929688,65.83999633789062,2699200,65.83999633789062
2015-08-12,66.44000244140625,64.02999877929688,64.87999725341797,66.2699966430664,1985600,66.2699966430664
2015-08-13,66.83000183105469,64.13999938964844,66.62999725341797,64.30999755859375,2266100,64.30999755859375
2015-08-14,65.38999938964844,64.2699966430664,64.2699966430664,65.33000183105469,1710300,65.33000183105469
2015-08-17,65.66000366210938,64.19999694824219,65.16000366210938,65.58000183105469,1130300,65.58000183105469
2015-08-18,65.93000030517578,65.0999984741211,65.0999984741211,65.51000213623047,1569200,65.51000213623047
2015-08-19,66.62999725341797,64.91000366210938,65.11000061035156,65.55999755859375,1989500,65.55999755859375
2015-08-20,66.38999938964844,64.52999877929688,64.6500015258789,64.55000305175781,2328900,64.55000305175781
2015-08-21,63.900001525878906,61.630001068115234,63.06999969482422,61.65999984741211,2585700,61.65999984741211
2015-08-24,63.959999084472656,56.65999984741211,56.880001068115234,60.91999816894531,4292600,60.91999816894531
2015-08-25,63.790000915527344,60.79999923706055,63.470001220703125,60.83000183105469,3131900,60.83000183105469
2015-08-26,63.59000015258789,60.970001220703125,62.279998779296875,63.5099983215332,2479800,63.5099983215332
2015-08-27,68.7699966430664,64.62999725341797,65.0,68.30000305175781,3243300,68.30000305175781
2015-08-28,69.20999908447266,66.5199966430664,67.91999816894531,67.05999755859375,2298400,67.05999755859375
2015-08-31,69.58000183105469,66.20999908447266,66.80000305175781,69.33000183105469,2350700,69.33000183105469
2015-09-01,67.91999816894531,65.01000213623047,67.30999755859375,65.33999633789062,2348200,65.33999633789062
2015-09-02,68.95999908447266,65.51000213623047,67.51000213623047,67.36000061035156,2645500,67.36000061035156
2015-09-03,68.80999755859375,66.27999877929688,67.5,67.83000183105469,2652100,67.83000183105469
2015-09-04,67.01000213623047,65.16000366210938,66.62000274658203,66.08000183105469,1544000,66.08000183105469
2015-09-08,68.2300033569336,66.37999725341797,67.47000122070312,67.98999786376953,1564000,67.98999786376953
2015-09-09,71.9800033569336,67.95999908447266,68.94000244140625,69.22000122070312,3715300,69.22000122070312
2015-09-10,70.47000122070312,68.56999969482422,69.12000274658203,68.9800033569336,1782900,68.9800033569336
2015-09-11,69.54000091552734,67.61000061035156,68.30000305175781,69.44999694824219,1250400,69.44999694824219
2015-09-14,69.43000030517578,67.4000015258789,69.16999816894531,67.62999725341797,1776200,67.62999725341797
2015-09-15,69.94999694824219,67.79000091552734,67.79000091552734,69.83000183105469,1391900,69.83000183105469
2015-09-16,72.45999908447266,69.81999969482422,69.9800033569336,72.27999877929688,2316600,72.27999877929688
2015-09-17,72.19000244140625,69.33000183105469,71.79000091552734,69.5999984741211,3133100,69.5999984741211
2015-09-18,68.66999816894531,66.5999984741211,68.19000244140625,67.12999725341797,2765000,67.12999725341797
2015-09-21,68.62000274658203,67.06999969482422,67.91000366210938,67.61000061035156,1924800,67.61000061035156
2015-09-22,67.19999694824219,65.66999816894531,66.5199966430664,66.69999694824219,1712400,66.69999694824219
2015-09-23,66.93000030517578,62.56999969482422,66.76000213623047,63.29999923706055,2627500,63.29999923706055
2015-09-24,62.720001220703125,59.06999969482422,62.04999923706055,61.810001373291016,3364800,61.810001373291016
2015-09-25,64.87000274658203,62.22999954223633,64.4800033569336,62.79999923706055,2560500,62.79999923706055
2015-09-28,62.459999084472656,59.33000183105469,62.29999923706055,59.47999954223633,2168500,59.47999954223633
2015-09-29,60.4900016784668,58.619998931884766,59.68000030517578,59.939998626708984,1527100,59.939998626708984
2015-09-30,61.72999954223633,59.29999923706055,60.599998474121094,60.04999923706055,2321600,60.04999923706055
2015-10-01,61.970001220703125,59.459999084472656,60.58000183105469,59.84000015258789,3333500,59.84000015258789
2015-10-02,59.68000030517578,57.40999984741211,59.0,59.650001525878906,3803000,59.650001525878906
2015-10-05,65.02999877929688,60.45000076293945,60.5,64.41000366210938,2624200,64.41000366210938
2015-10-06,66.31999969482422,64.2699966430664,64.37000274658203,65.7300033569336,2256600,65.7300033569336
2015-10-07,69.2300033569336,65.93000030517578,66.77999877929688,67.9000015258789,3148100,67.9000015258789
2015-10-08,71.52999877929688,67.5999984741211,68.18000030517578,70.52999877929688,2639300,70.52999877929688
2015-10-09,72.05000305175781,69.62000274658203,71.05999755859375,70.76000213623047,2170600,70.76000213623047
2015-10-12,70.73999786376953,68.94000244140625,70.51000213623047,69.5199966430664,1708400,69.5199966430664
2015-10-13,71.94999694824219,68.01000213623047,68.75,70.01000213623047,2326000,70.01000213623047
2015-10-14,71.01000213623047,68.87999725341797,69.95999908447266,70.19999694824219,2062000,70.19999694824219
2015-10-15,69.87999725341797,67.0199966430664,69.5,69.2699966430664,2568900,69.2699966430664
2015-10-16,69.18000030517578,66.04000091552734,69.18000030517578,66.88999938964844,2777000,66.88999938964844
2015-10-19,66.93000030517578,65.0199966430664,66.47000122070312,65.38999938964844,2218400,65.38999938964844
2015-10-20,67.7300033569336,64.22000122070312,65.0199966430664,66.20999908447266,2850100,66.20999908447266
2015-10-21,68.19999694824219,65.01000213623047,66.68000030517578,67.19999694824219,3384600,67.19999694824219
2015-10-22,74.8499984741211,69.27999877929688,69.81999969482422,73.9000015258789,5773500,73.9000015258789
2015-10-23,75.97000122070312,73.0999984741211,74.1500015258789,73.95999908447266,2677600,73.95999908447266
2015-10-26,75.0,73.12000274658203,74.13999938964844,73.8499984741211,2215600,73.8499984741211
2015-10-27,73.29000091552734,71.2300033569336,72.47000122070312,71.9800033569336,1568300,71.9800033569336
2015-10-28,75.1500015258789,71.93000030517578,72.31999969482422,74.69000244140625,1608700,74.69000244140625
2015-10-29,75.41999816894531,73.2699966430664,73.94999694824219,74.26000213623047,1353600,74.26000213623047
2015-10-30,75.51000213623047,73.94999694824219,74.62000274658203,74.86000061035156,1514300,74.86000061035156
2015-11-02,76.58000183105469,74.7300033569336,74.83999633789062,76.04000091552734,1332200,76.04000091552734
2015-11-03,78.08999633789062,75.6500015258789,75.9000015258789,76.97000122070312,1821300,76.97000122070312
2015-11-04,77.91999816894531,75.9800033569336,77.33999633789062,76.55999755859375,959700,76.55999755859375
2015-11-05,78.62000274658203,75.69000244140625,76.38999938964844,78.33999633789062,2017800,78.33999633789062
2015-11-06,80.18000030517578,77.0199966430664,77.44999694824219,79.83999633789062,1954100,79.83999633789062
2015-11-09,79.95999908447266,76.18000030517578,79.4000015258789,77.5,1846300,77.5
2015-11-10,78.08999633789062,76.27999877929688,77.16999816894531,77.72000122070312,1305100,77.72000122070312
2015-11-11,77.97000122070312,76.66999816894531,77.97000122070312,76.98999786376953,1321100,76.98999786376953
2015-11-12,76.31999969482422,73.31999969482422,75.45999908447266,73.48999786376953,2541800,73.48999786376953
2015-11-13,74.81999969482422,73.11000061035156,73.52999877929688,74.13999938964844,1879500,74.13999938964844
2015-11-16,75.29000091552734,73.62999725341797,74.05999755859375,74.75,1575900,74.75
2015-11-17,77.86000061035156,75.41000366210938,76.22000122070312,75.66000366210938,1999200,75.66000366210938
2015-11-18,77.20999908447266,75.83999633789062,76.12000274658203,76.98999786376953,1425700,76.98999786376953
2015-11-19,76.95999908447266,75.0199966430664,76.47000122070312,75.55999755859375,1413000,75.55999755859375
2015-11-20,76.93000030517578,75.23999786376953,75.98999786376953,75.58000183105469,1163300,75.58000183105469
2015-11-23,76.47000122070312,75.3499984741211,75.4000015258789,76.13999938964844,1318600,76.13999938964844
2015-11-24,78.36000061035156,75.75,75.87000274658203,77.41000366210938,2109900,77.41000366210938
2015-11-25,78.5999984741211,76.41000366210938,77.7300033569336,77.87999725341797,1177800,77.87999725341797
2015-11-27,78.19999694824219,76.80000305175781,77.31999969482422,77.16000366210938,454100,77.16000366210938
2015-11-30,79.18000030517578,77.12999725341797,77.36000061035156,78.66999816894531,1434500,78.66999816894531
2015-12-01,79.31999969482422,77.43000030517578,78.62999725341797,78.41000366210938,1528200,78.41000366210938
2015-12-02,78.19000244140625,75.58000183105469,77.8499984741211,76.20999908447266,1495600,76.20999908447266
2015-12-03,77.62000274658203,74.55000305175781,76.58000183105469,75.19999694824219,1578600,75.19999694824219
2015-12-04,75.47000122070312,73.98999786376953,74.69999694824219,74.13999938964844,1666100,74.13999938964844
2015-12-07,73.52999877929688,69.69999694824219,73.30000305175781,70.45999908447266,2664300,70.45999908447266
2015-12-08,69.77999877929688,67.5,68.80000305175781,67.93000030517578,2744700,67.93000030517578
2015-12-09,72.66000366210938,69.77999877929688,69.87000274658203,71.06999969482422,2620400,71.06999969482422
2015-12-10,72.08999633789062,70.56999969482422,70.69000244140625,71.04000091552734,1317600,71.04000091552734
2015-12-11,70.51000213623047,67.27999877929688,69.62000274658203,67.55999755859375,1841100,67.55999755859375
2015-12-14,67.27999877929688,64.02999877929688,67.06999969482422,66.12999725341797,2548300,66.12999725341797
2015-12-15,68.91000366210938,66.95999908447266,67.20999908447266,67.58000183105469,1676300,67.58000183105469
2015-12-16,69.38999938964844,67.54000091552734,68.22000122070312,69.2300033569336,1617400,69.2300033569336
2015-12-17,69.2300033569336,66.87000274658203,69.2300033569336,66.9000015258789,1712000,66.9000015258789
2015-12-18,68.25,66.02999877929688,66.70999908447266,67.18000030517578,2670500,67.18000030517578
2015-12-21,70.1500015258789,67.36000061035156,67.5,69.05000305175781,2029600,69.05000305175781
2015-12-22,72.66999816894531,69.05000305175781,69.30999755859375,72.05000305175781,2131300,72.05000305175781
2015-12-23,75.08999633789062,72.51000213623047,72.77999877929688,74.81999969482422,2115200,74.81999969482422
2015-12-24,75.44000244140625,74.5,74.76000213623047,74.5999984741211,779900,74.5999984741211
2015-12-28,73.75,71.05999755859375,73.43000030517578,72.47000122070312,1524600,72.47000122070312
2015-12-29,73.87000274658203,72.30999755859375,73.08000183105469,73.31999969482422,1127100,73.31999969482422
2015-12-30,73.5999984741211,72.4000015258789,72.80000305175781,72.68000030517578,1091100,72.68000030517578
2015-12-31,73.12000274658203,71.98999786376953,72.06999969482422,72.54000091552734,1539700,72.54000091552734
2016-01-04,71.51000213623047,68.7300033569336,71.11000061035156,70.76000213623047,2257300,70.76000213623047
2016-01-05,71.30000305175781,69.38999938964844,70.8499984741211,70.05000305175781,1605700,70.05000305175781
2016-01-06,69.13999938964844,66.01000213623047,68.75,66.69999694824219,2748800,66.69999694824219
2016-01-07,64.95999908447266,61.709999084472656,64.88999938964844,62.36000061035156,3385600,62.36000061035156
2016-01-08,63.779998779296875,61.5099983215332,63.04999923706055,61.810001373291016,2025500,61.810001373291016
2016-01-11,62.36000061035156,59.77000045776367,62.16999816894531,60.959999084472656,1678700,60.959999084472656
2016-01-12,63.849998474121094,59.65999984741211,61.9900016784668,61.279998779296875,2168200,61.279998779296875
2016-01-13,63.52000045776367,56.599998474121094,61.959999084472656,57.7400016784668,2824900,57.7400016784668
2016-01-14,58.31999969482422,54.66999816894531,58.22999954223633,57.13999938964844,3572800,57.13999938964844
2016-01-15,56.0,53.61000061035156,55.560001373291016,54.900001525878906,3140200,54.900001525878906
2016-01-19,56.689998626708984,52.970001220703125,56.02000045776367,54.0,2458900,54.0
2016-01-20,55.0099983215332,50.25,52.380001068115234,54.40999984741211,2871400,54.40999984741211
2016-01-21,56.93000030517578,53.70000076293945,54.400001525878906,55.310001373291016,2712400,55.310001373291016
2016-01-22,59.650001525878906,55.869998931884766,57.13999938964844,57.7400016784668,2617300,57.7400016784668
2016-01-25,57.119998931884766,54.5099983215332,56.68000030517578,54.63999938964844,3017300,54.63999938964844
2016-01-26,56.93000030517578,54.709999084472656,55.25,56.88999938964844,2555800,56.88999938964844
2016-01-27,57.900001525878906,54.72999954223633,56.400001525878906,55.84000015258789,3412600,55.84000015258789
2016-01-28,50.20000076293945,44.599998474121094,49.900001525878906,45.58000183105469,11008000,45.58000183105469
2016-01-29,48.400001525878906,44.59000015258789,45.0099983215332,47.90999984741211,4562000,47.90999984741211
2016-02-01,49.459999084472656,46.650001525878906,47.459999084472656,48.83000183105469,3280300,48.83000183105469
2016-02-02,47.72999954223633,44.61000061035156,47.709999084472656,45.7599983215332,4333200,45.7599983215332
2016-02-03,48.459999084472656,44.880001068115234,46.47999954223633,48.43000030517578,4192500,48.43000030517578
2016-02-04,51.08000183105469,47.97999954223633,48.09000015258789,48.68000030517578,2808300,48.68000030517578
2016-02-05,50.060001373291016,47.5099983215332,47.7599983215332,48.20000076293945,2575800,48.20000076293945
2016-02-08,47.7599983215332,45.16999816894531,47.13999938964844,46.61000061035156,2405600,46.61000061035156
2016-02-09,46.09000015258789,43.61000061035156,45.5099983215332,44.779998779296875,2661800,44.779998779296875
2016-02-10,46.720001220703125,44.63999938964844,45.15999984741211,45.5,1972300,45.5
2016-02-11,44.83000183105469,41.900001525878906,43.959999084472656,43.34000015258789,2716900,43.34000015258789
2016-02-12,45.849998474121094,43.529998779296875,44.31999969482422,45.45000076293945,2189700,45.45000076293945
2016-02-16,47.77000045776367,45.59000015258789,46.310001373291016,47.560001373291016,2241700,47.560001373291016
2016-02-17,49.189998626708984,47.310001373291016,48.02000045776367,48.18000030517578,2332600,48.18000030517578
2016-02-18,50.45000076293945,47.72999954223633,48.779998779296875,49.869998931884766,2797900,49.869998931884766
2016-02-19,49.279998779296875,46.650001525878906,49.220001220703125,48.400001525878906,2403600,48.400001525878906
2016-02-22,52.16999816894531,49.650001525878906,49.68000030517578,51.61000061035156,2249200,51.61000061035156
2016-02-23,51.13999938964844,49.380001068115234,51.06999969482422,49.869998931884766,1658800,49.869998931884766
2016-02-24,49.77000045776367,47.02000045776367,49.13999938964844,49.68000030517578,2023600,49.68000030517578
2016-02-25,50.41999816894531,47.880001068115234,49.52000045776367,50.36000061035156,1316000,50.36000061035156
2016-02-26,52.31999969482422,50.66999816894531,51.0,51.529998779296875,1726200,51.529998779296875
2016-02-29,52.52000045776367,50.959999084472656,51.58000183105469,51.56999969482422,1915200,51.56999969482422
2016-03-01,52.709999084472656,49.90999984741211,52.099998474121094,52.470001220703125,2105200,52.470001220703125
2016-03-02,54.529998779296875,52.029998779296875,52.310001373291016,54.310001373291016,2054400,54.310001373291016
2016-03-03,56.63999938964844,53.939998626708984,54.40999984741211,56.560001373291016,2009500,56.560001373291016
2016-03-04,59.150001525878906,55.689998626708984,57.04999923706055,57.4900016784668,2521800,57.4900016784668
2016-03-07,60.81999969482422,57.599998474121094,57.599998474121094,59.849998474121094,2453000,59.849998474121094
2016-03-08,58.939998626708984,56.279998779296875,58.689998626708984,56.84000015258789,2179200,56.84000015258789
2016-03-09,58.95000076293945,55.93000030517578,57.119998931884766,58.2400016784668,1347700,58.2400016784668
2016-03-10,59.16999816894531,56.459999084472656,58.31999969482422,57.91999816894531,1483800,57.91999816894531
2016-03-11,59.849998474121094,58.529998779296875,58.88999938964844,59.650001525878906,1479200,59.650001525878906
2016-03-14,60.40999984741211,58.27000045776367,59.15999984741211,60.0099983215332,1584300,60.0099983215332
2016-03-15,59.689998626708984,58.45000076293945,58.75,59.540000915527344,1573200,59.540000915527344
2016-03-16,61.97999954223633,59.150001525878906,59.279998779296875,61.7599983215332,2221500,61.7599983215332
2016-03-17,63.84000015258789,61.45000076293945,61.84000015258789,63.369998931884766,2119800,63.369998931884766
2016-03-18,64.37999725341797,61.56999969482422,63.86000061035156,62.90999984741211,2627100,62.90999984741211
2016-03-21,63.9900016784668,62.130001068115234,62.75,63.540000915527344,1496900,63.540000915527344
2016-03-22,64.05000305175781,62.68000030517578,62.83000183105469,63.77000045776367,1092100,63.77000045776367
2016-03-23,63.77000045776367,61.25,63.77000045776367,61.599998474121094,1626200,61.599998474121094
2016-03-24,62.540000915527344,60.060001373291016,61.029998779296875,61.9900016784668,1386000,61.9900016784668
2016-03-28,62.630001068115234,60.84000015258789,62.20000076293945,61.68000030517578,1332800,61.68000030517578
2016-03-29,62.66999816894531,60.2599983215332,61.20000076293945,62.560001373291016,1419900,62.560001373291016
2016-03-30,64.19999694824219,62.369998931884766,63.06999969482422,62.790000915527344,1151300,62.790000915527344
2016-03-31,62.58000183105469,60.7400016784668,62.58000183105469,62.189998626708984,2119600,62.189998626708984
2016-04-01,61.02000045776367,58.849998474121094,60.45000076293945,60.810001373291016,2500700,60.810001373291016
2016-04-04,61.290000915527344,59.36000061035156,60.540000915527344,59.470001220703125,2650600,59.470001220703125
2016-04-05,59.43000030517578,58.20000076293945,58.400001525878906,58.47999954223633,2308600,58.47999954223633
2016-04-06,59.56999969482422,56.970001220703125,58.7400016784668,59.0,2264100,59.0
2016-04-07,59.810001373291016,57.45000076293945,58.27000045776367,57.95000076293945,1771800,57.95000076293945
2016-04-08,60.150001525878906,58.86000061035156,59.0099983215332,59.5,1377200,59.5
2016-04-11,60.9900016784668,59.54999923706055,59.880001068115234,59.58000183105469,1467600,59.58000183105469
2016-04-12,60.279998779296875,58.720001220703125,59.709999084472656,59.959999084472656,943400,59.959999084472656
2016-04-13,62.380001068115234,60.31999969482422,60.81999969482422,61.90999984741211,1664600,61.90999984741211
2016-04-14,62.54999923706055,61.290000915527344,62.310001373291016,61.34000015258789,1036800,61.34000015258789
2016-04-15,61.2400016784668,59.95000076293945,61.0,61.0,1158900,61.0
2016-04-18,62.11000061035156,60.130001068115234,60.36000061035156,61.540000915527344,1224800,61.540000915527344
2016-04-19,62.33000183105469,60.650001525878906,62.209999084472656,61.150001525878906,2011800,61.150001525878906
2016-04-20,61.189998626708984,60.0,61.04999923706055,60.13999938964844,3440800,60.13999938964844
2016-04-21,65.73999786376953,56.0099983215332,57.150001525878906,64.87000274658203,7669000,64.87000274658203
2016-04-22,66.05999755859375,62.52000045776367,62.81999969482422,66.01000213623047,4653900,66.01000213623047
2016-04-25,67.13999938964844,64.36000061035156,65.77999877929688,64.81999969482422,2381000,64.81999969482422
2016-04-26,67.05999755859375,65.30000305175781,65.4800033569336,66.9000015258789,1946400,66.9000015258789
2016-04-27,68.37000274658203,66.43000030517578,66.8499984741211,68.06999969482422,1666500,68.06999969482422
2016-04-28,68.83999633789062,66.66000366210938,67.69999694824219,66.80999755859375,1285300,66.80999755859375
2016-04-29,67.83000183105469,65.87999725341797,66.75,66.93000030517578,1397200,66.93000030517578
2016-05-02,67.44000244140625,64.98999786376953,67.18000030517578,65.7699966430664,1460800,65.7699966430664
2016-05-03,65.4800033569336,62.95000076293945,65.16000366210938,63.4900016784668,2069900,63.4900016784668
2016-05-04,64.0,61.5,63.15999984741211,61.869998931884766,2175200,61.869998931884766
2016-05-05,62.81999969482422,60.880001068115234,62.4900016784668,61.040000915527344,1990800,61.040000915527344
2016-05-06,61.72999954223633,58.83000183105469,59.029998779296875,61.5,2681100,61.5
2016-05-09,61.70000076293945,60.7599983215332,61.150001525878906,61.02000045776367,1747300,61.02000045776367
2016-05-10,63.369998931884766,61.08000183105469,61.33000183105469,62.939998626708984,1506200,62.939998626708984
2016-05-11,63.279998779296875,61.099998474121094,62.65999984741211,61.7599983215332,1604600,61.7599983215332
2016-05-12,62.880001068115234,60.56999969482422,62.150001525878906,60.869998931884766,1598900,60.869998931884766
2016-05-13,61.34000015258789,59.43000030517578,60.63999938964844,59.83000183105469,1644200,59.83000183105469
2016-05-16,61.790000915527344,60.20000076293945,60.310001373291016,60.939998626708984,1411500,60.939998626708984
2016-05-17,66.47000122070312,61.66999816894531,61.66999816894531,64.27999877929688,4490000,64.27999877929688
2016-05-18,66.2699966430664,63.54999923706055,63.70000076293945,64.86000061035156,2381600,64.86000061035156
2016-05-19,64.72000122070312,62.650001525878906,64.1500015258789,64.0999984741211,1874500,64.0999984741211
2016-05-20,65.66000366210938,64.36000061035156,64.52999877929688,65.2699966430664,1254800,65.2699966430664
2016-05-23,65.44999694824219,64.20999908447266,65.11000061035156,64.95999908447266,1033900,64.95999908447266
2016-05-24,66.02999877929688,64.54000091552734,65.5199966430664,65.75,1083900,65.75
2016-05-25,68.31999969482422,65.76000213623047,66.0999984741211,68.08999633789062,1787500,68.08999633789062
2016-05-26,70.08999633789062,67.6500015258789,68.5,68.19999694824219,1561000,68.19999694824219
2016-05-27,68.58000183105469,67.56999969482422,68.1500015258789,68.4000015258789,1053100,68.4000015258789
2016-05-31,69.79000091552734,68.16000366210938,68.41999816894531,69.66999816894531,1336400,69.66999816894531
2016-06-01,69.47000122070312,67.69000244140625,68.88999938964844,69.44999694824219,2049100,69.44999694824219
2016-06-02,71.18000030517578,68.68000030517578,69.02999877929688,71.08999633789062,1528000,71.08999633789062
2016-06-03,71.63999938964844,69.06999969482422,70.9800033569336,71.2699966430664,1789200,71.2699966430664
2016-06-06,73.91000366210938,71.12999725341797,71.62000274658203,73.66999816894531,1667300,73.66999816894531
2016-06-07,74.75,73.08999633789062,73.55999755859375,74.4800033569336,1219900,74.4800033569336
2016-06-08,76.04000091552734,74.45999908447266,74.68000030517578,74.91999816894531,1336800,74.91999816894531
2016-06-09,74.3499984741211,72.69000244140625,73.86000061035156,74.11000061035156,934900,74.11000061035156
2016-06-10,73.27999877929688,70.73999786376953,72.8499984741211,71.51000213623047,2098600,71.51000213623047
2016-06-13,71.69999694824219,70.19000244140625,71.18000030517578,70.30999755859375,1402800,70.30999755859375
2016-06-14,71.63999938964844,68.54000091552734,70.20999908447266,70.0,2021100,70.0
2016-06-15,71.3499984741211,69.29000091552734,70.29000091552734,69.83999633789062,1346600,69.83999633789062
2016-06-16,67.86000061035156,65.04000091552734,67.54000091552734,67.01000213623047,4257800,67.01000213623047
2016-06-17,68.79000091552734,67.20999908447266,67.63999938964844,67.62000274658203,3108900,67.62000274658203
2016-06-20,70.0999984741211,68.83000183105469,69.5,68.8499984741211,1959000,68.8499984741211
2016-06-21,69.4800033569336,67.94999694824219,69.19999694824219,68.95999908447266,1224500,68.95999908447266
2016-06-22,70.04000091552734,68.81999969482422,69.45999908447266,69.01000213623047,1105700,69.01000213623047
2016-06-23,72.25,70.36000061035156,70.36000061035156,72.2300033569336,1452700,72.2300033569336
2016-06-24,69.86000061035156,65.94999694824219,68.41999816894531,66.25,2941000,66.25
2016-06-27,65.66999816894531,61.779998779296875,65.44000244140625,62.27000045776367,2057100,62.27000045776367
2016-06-28,64.08000183105469,61.83000183105469,63.5,62.970001220703125,2265900,62.970001220703125
2016-06-29,66.0,63.5,63.900001525878906,65.48999786376953,1701100,65.48999786376953
2016-06-30,67.12000274658203,64.68000030517578,65.9000015258789,67.0999984741211,1741300,67.0999984741211
2016-07-01,67.5,65.80999755859375,66.95999908447266,66.58000183105469,2127400,66.58000183105469
2016-07-05,66.33999633789062,62.630001068115234,65.87999725341797,63.470001220703125,1722900,63.470001220703125
2016-07-06,63.86000061035156,61.91999816894531,62.810001373291016,63.65999984741211,1897500,63.65999984741211
2016-07-07,65.73999786376953,63.79999923706055,64.1500015258789,64.62999725341797,1971300,64.62999725341797
2016-07-08,67.5999984741211,65.58999633789062,65.58999633789062,67.44000244140625,1274300,67.44000244140625
2016-07-11,69.22000122070312,68.05000305175781,68.08999633789062,68.26000213623047,966400,68.26000213623047
2016-07-12,70.55999755859375,69.22000122070312,69.37999725341797,70.29000091552734,1699900,70.29000091552734
2016-07-13,70.88999938964844,68.45999908447266,70.4800033569336,69.23999786376953,1536400,69.23999786376953
2016-07-14,70.05999755859375,67.80999755859375,68.73999786376953,69.58999633789062,1330000,69.58999633789062
2016-07-15,70.95999908447266,69.52999877929688,69.9800033569336,70.12000274658203,1403300,70.12000274658203
2016-07-18,69.87000274658203,68.6500015258789,69.87000274658203,69.18000030517578,1500400,69.18000030517578
2016-07-19,68.62999725341797,67.08999633789062,68.41000366210938,67.93000030517578,1816200,67.93000030517578
2016-07-20,70.08999633789062,67.63999938964844,68.0,69.86000061035156,2774400,69.86000061035156
2016-07-21,80.68000030517578,75.41000366210938,76.06999969482422,76.25,9557400,76.25
2016-07-22,78.58000183105469,75.51000213623047,76.88999938964844,78.22000122070312,3600000,78.22000122070312
2016-07-25,79.33000183105469,77.88999938964844,78.0999984741211,78.33999633789062,2383800,78.33999633789062
2016-07-26,80.3499984741211,78.25,78.30000305175781,80.04000091552734,2316200,80.04000091552734
2016-07-27,81.5,79.4800033569336,80.5999984741211,80.55000305175781,1841100,80.55000305175781
2016-07-28,80.5999984741211,78.94000244140625,80.33999633789062,79.83999633789062,1533300,79.83999633789062
2016-07-29,80.0,78.66000366210938,79.62000274658203,79.66999816894531,1582600,79.66999816894531
2016-08-01,79.6500015258789,76.79000091552734,79.62999725341797,77.3499984741211,2461800,77.3499984741211
2016-08-02,78.05000305175781,74.33000183105469,77.58000183105469,75.31999969482422,2224600,75.31999969482422
2016-08-03,76.70999908447266,75.31999969482422,75.47000122070312,76.5999984741211,1284700,76.5999984741211
2016-08-04,77.22000122070312,75.93000030517578,76.16999816894531,76.93000030517578,1193700,76.93000030517578
2016-08-05,79.79000091552734,77.2300033569336,77.5199966430664,79.44999694824219,1803900,79.44999694824219
2016-08-08,80.76000213623047,79.08000183105469,79.95999908447266,79.47000122070312,1017500,79.47000122070312
2016-08-09,80.81999969482422,78.52999877929688,79.0999984741211,78.83999633789062,1409800,78.83999633789062
2016-08-10,79.30000305175781,77.73999786376953,79.23999786376953,77.86000061035156,1056400,77.86000061035156
2016-08-11,79.41999816894531,78.01000213623047,78.48999786376953,78.88999938964844,1387200,78.88999938964844
2016-08-12,79.47000122070312,77.8499984741211,78.68000030517578,78.37000274658203,1223300,78.37000274658203
2016-08-15,79.69000244140625,78.63999938964844,78.66999816894531,79.2300033569336,1160200,79.2300033569336
2016-08-16,79.25,77.7699966430664,79.08000183105469,77.87999725341797,1154200,77.87999725341797
2016-08-17,78.05000305175781,77.16000366210938,77.91999816894531,77.62000274658203,1035200,77.62000274658203
2016-08-18,81.37000274658203,78.16000366210938,78.16000366210938,80.80999755859375,2106100,80.80999755859375
2016-08-19,80.56999969482422,79.12000274658203,80.23999786376953,80.2300033569336,1387900,80.2300033569336
2016-08-22,80.51000213623047,79.01000213623047,79.68000030517578,80.12999725341797,1128400,80.12999725341797
2016-08-23,82.5,80.69000244140625,80.7300033569336,82.12000274658203,1774600,82.12000274658203
2016-08-24,82.83000183105469,80.68000030517578,81.95999908447266,80.95999908447266,1482300,80.95999908447266
2016-08-25,81.61000061035156,80.5999984741211,80.7300033569336,81.20999908447266,933000,81.20999908447266
2016-08-26,83.76000213623047,81.41999816894531,81.56999969482422,82.26000213623047,1867700,82.26000213623047
2016-08-29,83.58999633789062,82.05999755859375,82.25,82.88999938964844,1061900,82.88999938964844
2016-08-30,83.66999816894531,82.26000213623047,82.88999938964844,82.81999969482422,1019100,82.81999969482422
2016-08-31,82.5999984741211,80.77999877929688,82.5,82.30999755859375,1695500,82.30999755859375
2016-09-01,82.30000305175781,79.69999694824219,82.0,81.16000366210938,1383800,81.16000366210938
2016-09-02,83.04000091552734,81.68000030517578,81.94999694824219,81.95999908447266,936700,81.95999908447266
2016-09-06,82.3499984741211,81.33999633789062,81.95999908447266,81.95999908447266,978900,81.95999908447266
2016-09-07,84.0,81.98999786376953,82.5199966430664,83.91999816894531,1869400,83.91999816894531
2016-09-08,84.62999725341797,82.8499984741211,83.87999725341797,83.87999725341797,1333000,83.87999725341797
2016-09-09,82.70999908447266,77.87999725341797,82.4000015258789,77.9000015258789,2616300,77.9000015258789
2016-09-12,80.02999877929688,76.54000091552734,77.02999877929688,79.87999725341797,2000400,79.87999725341797
2016-09-13,79.08999633789062,76.52999877929688,78.66000366210938,77.01000213623047,2349500,77.01000213623047
2016-09-14,79.08999633789062,76.62000274658203,77.16999816894531,78.69000244140625,1829500,78.69000244140625
2016-09-15,79.62999725341797,78.19000244140625,78.72000122070312,79.30999755859375,1339000,79.30999755859375
2016-09-16,78.68000030517578,77.06999969482422,78.31999969482422,77.63999938964844,2139400,77.63999938964844
2016-09-19,80.33000183105469,78.44999694824219,78.7699966430664,79.18000030517578,1172100,79.18000030517578
2016-09-20,79.48999786376953,75.55999755859375,79.48999786376953,75.55999755859375,2470500,75.55999755859375
2016-09-21,76.97000122070312,74.5999984741211,76.33999633789062,75.66000366210938,2639000,75.66000366210938
2016-09-22,76.88999938964844,74.97000122070312,76.41999816894531,75.38999938964844,2331000,75.38999938964844
2016-09-23,77.23999786376953,74.98999786376953,75.27999877929688,75.55000305175781,2158100,75.55000305175781
2016-09-26,76.0,73.81999969482422,75.36000061035156,73.94999694824219,1994300,73.94999694824219
2016-09-27,73.94999694824219,72.8499984741211,73.5199966430664,73.22000122070312,1916200,73.22000122070312
2016-09-28,75.29000091552734,73.2300033569336,73.47000122070312,75.13999938964844,2529100,75.13999938964844
2016-09-29,76.9800033569336,74.76000213623047,75.0,76.33999633789062,2522400,76.33999633789062
2016-09-30,78.91000366210938,76.86000061035156,77.11000061035156,78.48999786376953,2598300,78.48999786376953
2016-10-03,79.54000091552734,78.0199966430664,78.37999725341797,78.93000030517578,1657900,78.93000030517578
2016-10-04,80.87999725341797,78.83000183105469,80.1500015258789,79.16000366210938,1970000,79.16000366210938
2016-10-05,81.54000091552734,79.62999725341797,79.9800033569336,80.58000183105469,2055400,80.58000183105469
2016-10-06,83.55999755859375,80.63999938964844,80.63999938964844,83.20999908447266,2570600,83.20999908447266
2016-10-07,82.83000183105469,80.41999816894531,82.83000183105469,80.76000213623047,2086300,80.76000213623047
2016-10-10,82.23999786376953,80.69000244140625,81.38999938964844,81.27999877929688,1315200,81.27999877929688
2016-10-11,81.27999877929688,78.94000244140625,81.27999877929688,79.5,1341000,79.5
2016-10-12,80.55999755859375,79.18000030517578,79.61000061035156,80.18000030517578,1073900,80.18000030517578
2016-10-13,79.16000366210938,77.16999816894531,79.12999725341797,78.20999908447266,1542500,78.20999908447266
2016-10-14,76.9000015258789,75.05000305175781,76.38999938964844,75.2699966430664,2695600,75.2699966430664
2016-10-17,76.0199966430664,74.30999755859375,74.91000366210938,75.69999694824219,2203100,75.69999694824219
2016-10-18,77.22000122070312,76.05999755859375,76.86000061035156,76.44000244140625,1767500,76.44000244140625
2016-10-19,76.8499984741211,75.44000244140625,76.6500015258789,75.58000183105469,2826300,75.58000183105469
2016-10-20,81.5,77.04000091552734,80.0,79.12999725341797,4268700,79.12999725341797
2016-10-21,79.80000305175781,78.04000091552734,78.30000305175781,79.18000030517578,1785400,79.18000030517578
2016-10-24,78.6500015258789,76.3499984741211,78.6500015258789,76.56999969482422,2169800,76.56999969482422
2016-10-25,77.4800033569336,75.5999984741211,76.19999694824219,76.48999786376953,1967700,76.48999786376953
2016-10-26,76.81999969482422,75.30999755859375,75.91999816894531,76.19000244140625,1834500,76.19000244140625
2016-10-27,76.77999877929688,75.4000015258789,76.58999633789062,76.2699966430664,1358500,76.2699966430664
2016-10-28,76.72000122070312,74.86000061035156,76.36000061035156,75.38999938964844,1381000,75.38999938964844
2016-10-31,75.94999694824219,74.9000015258789,75.5999984741211,75.66000366210938,1361500,75.66000366210938
2016-11-01,76.05999755859375,72.26000213623047,75.88999938964844,73.02999877929688,1943100,73.02999877929688
2016-11-02,73.36000061035156,70.58000183105469,72.61000061035156,70.91999816894531,2378300,70.91999816894531
2016-11-03,73.02999877929688,70.73999786376953,71.30999755859375,72.29000091552734,2340100,72.29000091552734
2016-11-04,73.75,71.55000305175781,72.37000274658203,72.16000366210938,1783800,72.16000366210938
2016-11-07,76.16000366210938,74.23999786376953,74.38999938964844,76.11000061035156,1712200,76.11000061035156
2016-11-08,76.23999786376953,74.43000030517578,75.4000015258789,75.87000274658203,1815500,75.87000274658203
2016-11-09,90.06999969482422,82.69999694824219,82.9000015258789,88.86000061035156,9739000,88.86000061035156
2016-11-10,92.80000305175781,88.45999908447266,89.04000091552734,89.5,4807100,89.5
2016-11-11,91.2300033569336,88.16999816894531,88.95999908447266,91.19999694824219,2953200,91.19999694824219
2016-11-14,96.5999984741211,91.27999877929688,91.9000015258789,94.69000244140625,3703400,94.69000244140625
2016-11-15,94.18000030517578,91.56999969482422,93.91000366210938,94.13999938964844,2062700,94.13999938964844
2016-11-16,93.19999694824219,90.77999877929688,91.01000213623047,92.12000274658203,1923000,92.12000274658203
2016-11-17,92.87999725341797,91.51000213623047,92.0,92.2300033569336,1181100,92.2300033569336
2016-11-18,92.80000305175781,90.7699966430664,92.73999786376953,90.94999694824219,1449700,90.94999694824219
2016-11-21,94.1500015258789,91.72000122070312,92.0,93.86000061035156,2048400,93.86000061035156
2016-11-22,94.5999984741211,93.27999877929688,94.38999938964844,94.05999755859375,1380900,94.05999755859375
2016-11-23,97.66999816894531,94.2300033569336,94.2300033569336,97.3499984741211,2445700,97.3499984741211
2016-11-25,98.12000274658203,96.76000213623047,97.3499984741211,98.12000274658203,652300,98.12000274658203
2016-11-28,97.93000030517578,94.83000183105469,97.11000061035156,96.19000244140625,1977600,96.19000244140625
2016-11-29,97.29000091552734,94.19999694824219,94.58999633789062,96.30000305175781,1586900,96.30000305175781
2016-11-30,101.87000274658203,98.51000213623047,98.51000213623047,101.11000061035156,3275400,101.11000061035156
2016-12-01,105.69999694824219,101.25,101.47000122070312,104.29000091552734,3847700,104.29000091552734
2016-12-02,105.56999969482422,103.25,103.88999938964844,104.8499984741211,2206800,104.8499984741211
2016-12-05,106.41999816894531,104.87000274658203,105.2699966430664,105.30999755859375,1904000,105.30999755859375
2016-12-06,107.58000183105469,104.4000015258789,104.62000274658203,107.16999816894531,1524900,107.16999816894531
2016-12-07,109.75,106.76000213623047,107.0199966430664,109.12000274658203,1927000,109.12000274658203
2016-12-08,109.9000015258789,106.58999633789062,109.38999938964844,108.30000305175781,1872000,108.30000305175781
2016-12-09,109.62999725341797,107.25,108.68000030517578,108.0,1527600,108.0
2016-12-12,108.83000183105469,103.70999908447266,108.68000030517578,107.02999877929688,1848400,107.02999877929688
2016-12-13,107.4000015258789,105.36000061035156,106.87999725341797,106.30000305175781,1602500,106.30000305175781
2016-12-14,107.16000366210938,104.6500015258789,105.58999633789062,105.05000305175781,1399600,105.05000305175781
2016-12-15,108.23999786376953,104.22000122070312,104.87999725341797,107.13999938964844,1906900,107.13999938964844
2016-12-16,107.48999786376953,105.55999755859375,107.41999816894531,105.70999908447266,1919000,105.70999908447266
2016-12-19,107.68000030517578,105.63999938964844,106.18000030517578,106.2699966430664,982000,106.2699966430664
2016-12-20,108.05999755859375,106.13999938964844,106.45999908447266,107.25,1013800,107.25
2016-12-21,108.62000274658203,106.94999694824219,107.05999755859375,108.4800033569336,1480700,108.4800033569336
2016-12-22,108.9800033569336,106.11000061035156,108.26000213623047,106.86000061035156,1047500,106.86000061035156
2016-12-23,108.52999877929688,107.45999908447266,107.45999908447266,108.05999755859375,537000,108.05999755859375
2016-12-27,109.30999755859375,108.25,108.5,108.58000183105469,584200,108.58000183105469
2016-12-28,109.55000305175781,105.7300033569336,108.76000213623047,106.20999908447266,1170000,106.20999908447266
2016-12-29,107.7699966430664,105.87000274658203,106.58000183105469,106.69999694824219,750500,106.69999694824219
2016-12-30,107.55000305175781,104.69999694824219,107.0999984741211,105.58000183105469,1168500,105.58000183105469
2017-01-03,110.79000091552734,107.30000305175781,107.87999725341797,109.30999755859375,1903200,109.30999755859375
2017-01-04,110.5,108.4000015258789,109.5,109.87000274658203,1090200,109.87000274658203
2017-01-05,111.80999755859375,108.22000122070312,109.9000015258789,110.1500015258789,1348300,110.1500015258789
2017-01-06,111.0,108.91000366210938,110.29000091552734,109.37999725341797,1147800,109.37999725341797
2017-01-09,108.9000015258789,106.12000274658203,108.12000274658203,106.16000366210938,1809900,106.16000366210938
2017-01-10,110.61000061035156,106.80999755859375,106.80999755859375,108.9000015258789,2138800,108.9000015258789
2017-01-11,109.98999786376953,107.69000244140625,108.91000366210938,109.26000213623047,1538500,109.26000213623047
2017-01-12,109.3499984741211,105.33000183105469,109.0,106.54000091552734,1490800,106.54000091552734
2017-01-13,108.30000305175781,106.23999786376953,106.5,107.05000305175781,953600,107.05000305175781
2017-01-17,108.11000061035156,105.6500015258789,106.72000122070312,107.2300033569336,1179600,107.2300033569336
2017-01-18,111.30000305175781,107.08999633789062,107.47000122070312,111.0199966430664,2067500,111.0199966430664
2017-01-19,112.5,109.61000061035156,110.70999908447266,110.44999694824219,1614700,110.44999694824219
2017-01-20,111.94999694824219,110.44000244140625,110.9800033569336,111.19000244140625,1252300,111.19000244140625
2017-01-23,111.25,109.41000366210938,110.9800033569336,110.11000061035156,1312200,110.11000061035156
2017-01-24,114.47000122070312,110.52999877929688,111.1500015258789,113.61000061035156,1783800,113.61000061035156
2017-01-25,115.61000061035156,112.58999633789062,115.0,114.26000213623047,3048100,114.26000213623047
2017-01-26,129.38999938964844,122.05000305175781,123.41999816894531,127.05999755859375,6527800,127.05999755859375
2017-01-27,128.63999938964844,125.19999694824219,126.5999984741211,128.25999450683594,2471200,128.25999450683594
2017-01-30,128.92999267578125,124.72000122070312,128.74000549316406,128.77000427246094,2762400,128.77000427246094
2017-01-31,129.60000610351562,124.12999725341797,129.0,126.51000213623047,3671200,126.51000213623047
2017-02-01,131.19000244140625,127.52999877929688,127.52999877929688,129.88999938964844,2867700,129.88999938964844
2017-02-02,128.89999389648438,126.27999877929688,127.33999633789062,127.08999633789062,1764500,127.08999633789062
2017-02-03,129.60000610351562,127.81999969482422,127.81999969482422,128.64999389648438,1576400,128.64999389648438
2017-02-06,128.72000122070312,125.87999725341797,127.80000305175781,126.30999755859375,1382400,126.30999755859375
2017-02-07,127.48999786376953,125.4000015258789,126.68000030517578,126.23999786376953,1255000,126.23999786376953
2017-02-08,125.88999938964844,123.05999755859375,125.88999938964844,124.6500015258789,1863400,124.6500015258789
2017-02-09,126.63999938964844,123.7699966430664,124.6500015258789,125.44000244140625,1531900,125.44000244140625
2017-02-10,127.54000091552734,125.38999938964844,126.1500015258789,127.12000274658203,1313700,127.12000274658203
2017-02-13,128.91000366210938,127.1500015258789,127.30999755859375,127.77999877929688,1789800,127.77999877929688
2017-02-14,129.0,126.05999755859375,127.23999786376953,128.7899932861328,952900,128.7899932861328
2017-02-15,129.57000732421875,127.19000244140625,128.5,129.17999267578125,1135200,129.17999267578125
2017-02-16,129.27999877929688,126.43000030517578,128.6699981689453,127.86000061035156,989600,127.86000061035156
2017-02-17,126.94999694824219,125.0199966430664,126.94999694824219,126.02999877929688,1120700,126.02999877929688
2017-02-21,129.52000427246094,126.44000244140625,126.6500015258789,128.92999267578125,1311900,128.92999267578125
2017-02-22,128.13999938964844,126.3499984741211,127.83999633789062,128.05999755859375,1124800,128.05999755859375
2017-02-23,129.86000061035156,120.33999633789062,129.05999755859375,120.9000015258789,3066000,120.9000015258789
2017-02-24,124.69999694824219,119.11000061035156,119.36000061035156,124.1500015258789,2269400,124.1500015258789
2017-02-27,128.86000061035156,124.20999908447266,124.70999908447266,128.2100067138672,1748900,128.2100067138672
2017-02-28,128.69000244140625,126.0,126.80999755859375,128.02999877929688,1539700,128.02999877929688
2017-03-01,134.27999877929688,130.77000427246094,130.7899932861328,133.36000061035156,2489100,133.36000061035156
2017-03-02,133.24000549316406,128.64999389648438,133.11000061035156,129.00999450683594,1962800,129.00999450683594
2017-03-03,130.14999389648438,126.91999816894531,129.00999450683594,128.72000122070312,1467900,128.72000122070312
2017-03-06,130.16000366210938,126.9000015258789,127.22000122070312,129.77999877929688,1443600,129.77999877929688
2017-03-07,130.5,127.45999908447266,129.3699951171875,128.14999389648438,1497100,128.14999389648438
2017-03-08,129.97999572753906,124.16000366210938,129.0800018310547,124.30000305175781,2009300,124.30000305175781
2017-03-09,125.22000122070312,120.58999633789062,124.0,121.9800033569336,3077000,121.9800033569336
2017-03-10,124.80000305175781,121.33999633789062,123.8499984741211,122.94999694824219,1454000,122.94999694824219
2017-03-13,125.05999755859375,122.9800033569336,122.9800033569336,124.19999694824219,1362800,124.19999694824219
2017-03-14,122.18000030517578,119.30000305175781,122.16000366210938,122.12000274658203,2049200,122.12000274658203
2017-03-15,127.04000091552734,122.76000213623047,123.19999694824219,126.3499984741211,2135100,126.3499984741211
2017-03-16,128.4600067138672,124.91999816894531,127.0,125.27999877929688,1369700,125.27999877929688
2017-03-17,126.77999877929688,125.1500015258789,125.72000122070312,125.19000244140625,977700,125.19000244140625
2017-03-20,125.83999633789062,123.01000213623047,124.47000122070312,124.98999786376953,950000,124.98999786376953
2017-03-21,125.75,119.58999633789062,125.33000183105469,120.01000213623047,1795400,120.01000213623047
2017-03-22,121.4800033569336,118.13999938964844,119.33000183105469,120.37999725341797,1393800,120.37999725341797
2017-03-23,122.4800033569336,119.43000030517578,119.69999694824219,120.81999969482422,1058600,120.81999969482422
2017-03-24,122.75,119.52999877929688,121.33000183105469,120.69000244140625,1259800,120.69000244140625
2017-03-27,120.01000213623047,115.0999984741211,117.45999908447266,119.55999755859375,1422400,119.55999755859375
2017-03-28,124.66000366210938,119.22000122070312,119.58999633789062,123.23999786376953,1636600,123.23999786376953
2017-03-29,125.02999877929688,122.56999969482422,123.05999755859375,123.63999938964844,1069600,123.63999938964844
2017-03-30,124.55000305175781,122.97000122070312,123.66000366210938,124.16999816894531,873600,124.16999816894531
2017-03-31,126.19000244140625,123.18000030517578,123.3499984741211,125.05000305175781,979300,125.05000305175781
2017-04-03,125.27999877929688,121.62000274658203,125.11000061035156,123.83000183105469,1258000,123.83000183105469
2017-04-04,124.88999938964844,122.7300033569336,123.12000274658203,123.7699966430664,831500,123.7699966430664
2017-04-05,126.7699966430664,120.27999877929688,125.0,121.05999755859375,1657500,121.05999755859375
2017-04-06,124.95999908447266,121.19999694824219,121.51000213623047,124.0,1263300,124.0
2017-04-07,125.43000030517578,123.08000183105469,123.58999633789062,123.41000366210938,1264600,123.41000366210938
2017-04-10,126.56999969482422,123.94000244140625,124.37000274658203,125.95999908447266,1442300,125.95999908447266
2017-04-11,126.55999755859375,124.0199966430664,125.98999786376953,125.93000030517578,954200,125.93000030517578
2017-04-12,126.05999755859375,120.81999969482422,125.55999755859375,121.12999725341797,1506000,121.12999725341797
2017-04-13,123.20999908447266,119.25,121.31999969482422,119.29000091552734,1324200,119.29000091552734
2017-04-17,120.97000122070312,119.05000305175781,120.01000213623047,120.94999694824219,1302900,120.94999694824219
2017-04-18,120.51000213623047,117.93000030517578,119.7699966430664,119.86000061035156,1338900,119.86000061035156
2017-04-19,122.58999633789062,118.9800033569336,120.95999908447266,119.44999694824219,2840100,119.44999694824219
2017-04-20,114.63999938964844,110.5999984741211,113.73999786376953,113.23999786376953,6931700,113.23999786376953
2017-04-21,113.25,108.81999969482422,112.9000015258789,111.45999908447266,3743400,111.45999908447266
2017-04-24,114.79000091552734,113.11000061035156,113.70999908447266,113.55999755859375,2589200,113.55999755859375
2017-04-25,115.2300033569336,112.52999877929688,114.3499984741211,113.30000305175781,2021300,113.30000305175781
2017-04-26,114.86000061035156,113.16999816894531,113.30000305175781,113.4000015258789,1534400,113.4000015258789
2017-04-27,113.4000015258789,108.01000213623047,112.88999938964844,109.5199966430664,2798800,109.5199966430664
2017-04-28,112.87999725341797,109.2300033569336,111.94000244140625,109.66000366210938,2560700,109.66000366210938
2017-05-01,110.0,107.05999755859375,109.80999755859375,108.87999725341797,1639600,108.87999725341797
2017-05-02,109.77999877929688,107.62000274658203,108.9800033569336,108.62000274658203,1400900,108.62000274658203
2017-05-03,108.7699966430664,106.61000061035156,107.66999816894531,107.69999694824219,1434300,107.69999694824219
2017-05-04,107.93000030517578,105.7300033569336,107.69999694824219,107.36000061035156,1606000,107.36000061035156
2017-05-05,109.05000305175781,106.8499984741211,107.56999969482422,108.95999908447266,1365300,108.95999908447266
2017-05-08,112.1500015258789,110.68000030517578,110.73999786376953,111.68000030517578,2212800,111.68000030517578
2017-05-09,112.55000305175781,111.06999969482422,112.0199966430664,111.69999694824219,1324200,111.69999694824219
2017-05-10,114.94999694824219,111.37000274658203,111.75,114.2300033569336,1779700,114.2300033569336
2017-05-11,115.16999816894531,111.37999725341797,113.80000305175781,114.43000030517578,1491400,114.43000030517578
2017-05-12,113.66000366210938,111.23999786376953,113.5999984741211,112.16000366210938,1200100,112.16000366210938
2017-05-15,114.75,112.6500015258789,113.12999725341797,113.83000183105469,1333000,113.83000183105469
2017-05-16,114.0199966430664,110.62000274658203,113.68000030517578,111.72000122070312,1358000,111.72000122070312
2017-05-17,111.72000122070312,104.72000122070312,111.72000122070312,105.0999984741211,2397800,105.0999984741211
2017-05-18,107.4000015258789,102.7300033569336,104.20999908447266,106.5,2588700,106.5
2017-05-19,110.58999633789062,106.91000366210938,106.91999816894531,110.0999984741211,1706200,110.0999984741211
2017-05-22,111.26000213623047,109.19000244140625,110.68000030517578,110.5999984741211,1007000,110.5999984741211
2017-05-23,111.30999755859375,109.26000213623047,110.58000183105469,111.30000305175781,1047900,111.30000305175781
2017-05-24,113.3499984741211,110.2699966430664,111.20999908447266,110.80999755859375,1457300,110.80999755859375
2017-05-25,113.93000030517578,110.26000213623047,110.86000061035156,111.4000015258789,1684900,111.4000015258789
2017-05-26,111.86000061035156,109.94999694824219,111.0,111.16999816894531,787000,111.16999816894531
2017-05-30,112.06999969482422,109.97000122070312,110.7300033569336,110.6500015258789,1122100,110.6500015258789
2017-05-31,111.06999969482422,106.31999969482422,110.3499984741211,108.7300033569336,2129400,108.7300033569336
2017-06-01,112.36000061035156,109.0,109.58000183105469,109.97000122070312,1759300,109.97000122070312
2017-06-02,109.70999908447266,108.16000366210938,109.66000366210938,108.48999786376953,1582700,108.48999786376953
2017-06-05,108.4000015258789,104.23999786376953,108.4000015258789,105.73999786376953,2856400,105.73999786376953
2017-06-06,106.58999633789062,103.4800033569336,105.05000305175781,106.31999969482422,1993800,106.31999969482422
2017-06-07,106.80999755859375,104.58000183105469,106.66999816894531,105.26000213623047,1496200,105.26000213623047
2017-06-08,108.08000183105469,104.87000274658203,105.26000213623047,106.54000091552734,1239500,106.54000091552734
2017-06-09,110.80000305175781,106.61000061035156,106.83999633789062,110.22000122070312,2118200,110.22000122070312
2017-06-12,111.81999969482422,109.91999816894531,110.66999816894531,111.81999969482422,1946400,111.81999969482422
2017-06-13,111.94999694824219,109.63999938964844,111.3499984741211,111.66000366210938,1614900,111.66000366210938
2017-06-14,111.23999786376953,104.06999969482422,111.23999786376953,104.80999755859375,3048800,104.80999755859375
2017-06-15,105.66999816894531,102.86000061035156,103.76000213623047,103.48999786376953,2141300,103.48999786376953
2017-06-16,105.22000122070312,102.7300033569336,103.66000366210938,105.19999694824219,1882200,105.19999694824219
2017-06-19,107.44999694824219,105.37999725341797,105.63999938964844,106.94999694824219,1018200,106.94999694824219
2017-06-20,106.22000122070312,102.41999816894531,106.22000122070312,103.91000366210938,2093100,103.91000366210938
2017-06-21,104.73999786376953,100.62000274658203,104.26000213623047,101.62000274658203,1902800,101.62000274658203
2017-06-22,104.3499984741211,101.30000305175781,102.16999816894531,103.81999969482422,1377000,103.81999969482422
2017-06-23,105.76000213623047,103.27999877929688,104.0,104.8499984741211,1580000,104.8499984741211
2017-06-26,107.18000030517578,104.95999908447266,104.95999908447266,106.11000061035156,862300,106.11000061035156
2017-06-27,108.6500015258789,105.75,106.79000091552734,105.77999877929688,1292700,105.77999877929688
2017-06-28,109.08999633789062,106.81999969482422,107.08999633789062,108.48999786376953,1264300,108.48999786376953
2017-06-29,113.66000366210938,108.79000091552734,109.70999908447266,109.69999694824219,2428400,109.69999694824219
2017-06-30,113.87000274658203,110.5199966430664,110.70999908447266,112.70999908447266,2065200,112.70999908447266
2017-07-03,115.08000183105469,112.5999984741211,113.5999984741211,113.20999908447266,747900,113.20999908447266
2017-07-05,117.55000305175781,112.76000213623047,113.76000213623047,114.2699966430664,1905800,114.2699966430664
2017-07-06,115.4000015258789,111.91999816894531,114.18000030517578,112.3499984741211,2250600,112.3499984741211
2017-07-07,113.0199966430664,111.11000061035156,112.38999938964844,112.55000305175781,1024800,112.55000305175781
2017-07-10,114.6500015258789,111.08999633789062,112.05999755859375,113.54000091552734,1114800,113.54000091552734
2017-07-11,114.08000183105469,111.91999816894531,113.83000183105469,113.69000244140625,817400,113.69000244140625
2017-07-12,117.31999969482422,114.05999755859375,114.7300033569336,114.26000213623047,1258000,114.26000213623047
2017-07-13,116.0999984741211,113.33999633789062,116.0999984741211,114.73999786376953,1844300,114.73999786376953
2017-07-14,117.6500015258789,114.33000183105469,115.06999969482422,117.20999908447266,1260500,117.20999908447266
2017-07-17,119.44000244140625,117.16000366210938,118.62000274658203,117.79000091552734,1506000,117.79000091552734
2017-07-18,117.83999633789062,116.30000305175781,117.33999633789062,117.4800033569336,1723700,117.4800033569336
2017-07-19,119.19000244140625,117.04000091552734,117.4800033569336,118.69999694824219,1781700,118.69999694824219
2017-07-20,126.26000213623047,121.38999938964844,124.0,122.54000091552734,3581600,122.54000091552734
2017-07-21,121.52999877929688,119.25,120.75,119.30999755859375,1782200,119.30999755859375
2017-07-24,120.45999908447266,117.52999877929688,119.5,118.38999938964844,1355800,118.38999938964844
2017-07-25,122.95999908447266,119.69000244140625,119.7699966430664,121.18000030517578,1749400,121.18000030517578
2017-07-26,122.16999816894531,119.76000213623047,122.16999816894531,120.16999816894531,949500,120.16999816894531
2017-07-27,121.2300033569336,118.70999908447266,120.19000244140625,120.7699966430664,1086800,120.7699966430664
2017-07-28,120.94000244140625,119.02999877929688,120.61000061035156,119.7300033569336,1109400,119.7300033569336
2017-07-31,120.25,118.41999816894531,119.91999816894531,118.95999908447266,866700,118.95999908447266
2017-08-01,119.56999969482422,115.66999816894531,119.47000122070312,116.55999755859375,1597800,116.55999755859375
2017-08-02,117.04000091552734,114.05999755859375,115.87000274658203,115.02999877929688,1307100,115.02999877929688
2017-08-03,117.08000183105469,115.20999908447266,115.4800033569336,116.30999755859375,1177200,116.30999755859375
2017-08-04,118.66000366210938,117.01000213623047,117.19999694824219,118.37000274658203,920600,118.37000274658203
2017-08-07,118.83999633789062,117.44000244140625,118.5199966430664,118.0999984741211,830500,118.0999984741211
2017-08-08,119.41999816894531,116.87999725341797,117.4000015258789,117.37999725341797,848700,117.37999725341797
2017-08-09,116.80999755859375,114.5999984741211,116.08000183105469,115.30999755859375,944900,115.30999755859375
2017-08-10,115.5,111.55999755859375,114.70999908447266,111.62000274658203,1697800,111.62000274658203
2017-08-11,112.25,110.69999694824219,111.41999816894531,111.54000091552734,982700,111.54000091552734
2017-08-14,113.66999816894531,111.98999786376953,113.0,112.19999694824219,1209900,112.19999694824219
2017-08-15,113.22000122070312,111.5999984741211,113.0999984741211,111.98999786376953,681900,111.98999786376953
2017-08-16,113.33000183105469,111.16000366210938,112.81999969482422,111.97000122070312,995900,111.97000122070312
2017-08-17,116.0,111.58999633789062,115.75,111.81999969482422,2070200,111.81999969482422
2017-08-18,113.20999908447266,110.6500015258789,112.95999908447266,111.86000061035156,1411900,111.86000061035156
2017-08-21,111.86000061035156,107.66999816894531,111.70999908447266,108.4000015258789,1366700,108.4000015258789
2017-08-22,112.55999755859375,109.0,109.0,112.44000244140625,1378700,112.44000244140625
2017-08-23,111.73999786376953,108.69000244140625,111.36000061035156,108.69000244140625,1019300,108.69000244140625
2017-08-24,109.76000213623047,107.33000183105469,109.0,107.61000061035156,973600,107.61000061035156
2017-08-25,108.38999938964844,106.5199966430664,108.05000305175781,107.26000213623047,1073000,107.26000213623047
2017-08-28,110.7699966430664,108.22000122070312,108.5,110.70999908447266,1338200,110.70999908447266
2017-08-29,115.83999633789062,109.43000030517578,109.58000183105469,114.94000244140625,2941900,114.94000244140625
2017-08-30,119.80000305175781,113.12999725341797,115.0999984741211,119.19000244140625,3207200,119.19000244140625
2017-08-31,120.70999908447266,117.54000091552734,119.58999633789062,118.05999755859375,1734300,118.05999755859375
2017-09-01,121.18000030517578,118.37000274658203,118.37000274658203,120.55999755859375,1646500,120.55999755859375
2017-09-05,121.68000030517578,117.86000061035156,120.55999755859375,119.08999633789062,1508500,119.08999633789062
2017-09-06,121.43000030517578,119.79000091552734,120.45999908447266,121.16000366210938,1439500,121.16000366210938
2017-09-07,123.16000366210938,120.33000183105469,121.5,123.08999633789062,1871400,123.08999633789062
2017-09-08,128.0,123.5,123.5,126.69000244140625,2616500,126.69000244140625
2017-09-11,126.33999633789062,123.44999694824219,125.4000015258789,125.02999877929688,2174600,125.02999877929688
2017-09-12,128.49000549316406,126.16999816894531,127.11000061035156,127.69000244140625,1418600,127.69000244140625
2017-09-13,129.6300048828125,126.11000061035156,127.5,128.82000732421875,1434700,128.82000732421875
2017-09-14,128.75,126.79000091552734,128.27000427246094,127.36000061035156,1301900,127.36000061035156
2017-09-15,128.82000732421875,126.97000122070312,127.1500015258789,128.10000610351562,1119500,128.10000610351562
2017-09-18,129.50999450683594,128.08999633789062,128.10000610351562,129.42999267578125,920000,129.42999267578125
2017-09-19,129.9600067138672,128.1199951171875,129.5,129.88999938964844,846800,129.88999938964844
2017-09-20,132.3000030517578,129.72000122070312,130.0,130.74000549316406,1041600,130.74000549316406
2017-09-21,131.2100067138672,129.89999389648438,131.2100067138672,130.1199951171875,894800,130.1199951171875
2017-09-22,132.80999755859375,129.00999450683594,129.72000122070312,132.30999755859375,998000,132.30999755859375
2017-09-25,132.97999572753906,131.22000122070312,132.72000122070312,132.2100067138672,1023900,132.2100067138672
2017-09-26,134.57000732421875,132.02000427246094,132.39999389648438,133.94000244140625,1040700,133.94000244140625
2017-09-27,137.1199951171875,134.14999389648438,134.6300048828125,135.69000244140625,1236700,135.69000244140625
2017-09-28,138.3300018310547,135.17999267578125,135.77000427246094,137.97000122070312,1039300,137.97000122070312
2017-09-29,139.97999572753906,136.9600067138672,137.9600067138672,138.74000549316406,1224400,138.74000549316406
2017-10-02,139.75,136.83999633789062,139.1999969482422,139.1999969482422,1368300,139.1999969482422
2017-10-03,142.7100067138672,138.97999572753906,139.7100067138672,142.7100067138672,1670200,142.7100067138672
2017-10-04,142.30999755859375,139.4600067138672,142.22000122070312,140.75,1654000,140.75
2017-10-05,143.14999389648438,140.80999755859375,141.5399932861328,141.97999572753906,997700,141.97999572753906
2017-10-06,143.07000732421875,141.0,141.42999267578125,142.24000549316406,865300,142.24000549316406
2017-10-09,142.8800048828125,141.08999633789062,142.66000366210938,142.49000549316406,810800,142.49000549316406
2017-10-10,144.19000244140625,140.35000610351562,143.60000610351562,141.5500030517578,1105600,141.5500030517578
2017-10-11,142.44000244140625,140.91000366210938,141.8300018310547,142.16000366210938,825600,142.16000366210938
2017-10-12,144.35000610351562,140.16000366210938,140.99000549316406,144.00999450683594,1120100,144.00999450683594
2017-10-13,145.55999755859375,143.42999267578125,144.89999389648438,144.2100067138672,884900,144.2100067138672
2017-10-16,146.6699981689453,144.4499969482422,145.88999938964844,145.7899932861328,1204000,145.7899932861328
2017-10-17,145.6300048828125,143.00999450683594,145.42999267578125,143.33999633789062,1525600,143.33999633789062
2017-10-18,144.60000610351562,142.16000366210938,144.07000732421875,144.32000732421875,1922400,144.32000732421875
2017-10-19,147.60000610351562,140.94000244140625,144.8000030517578,144.39999389648438,2955500,144.39999389648438
2017-10-20,146.69000244140625,144.02999877929688,144.80999755859375,144.39999389648438,2525000,144.39999389648438
2017-10-23,144.63999938964844,141.1999969482422,144.44000244140625,141.47999572753906,1372400,141.47999572753906
2017-10-24,145.5,142.17999267578125,142.4499969482422,143.94000244140625,1420400,143.94000244140625
2017-10-25,144.10000610351562,138.19000244140625,143.25,138.91000366210938,2508100,138.91000366210938
2017-10-26,142.22999572753906,139.3000030517578,139.75,141.24000549316406,2021000,141.24000549316406
2017-10-27,146.05999755859375,141.33999633789062,141.33999633789062,145.94000244140625,1365800,145.94000244140625
2017-10-30,146.72000122070312,143.25,145.32000732421875,143.58999633789062,1256900,143.58999633789062
2017-10-31,144.82000732421875,141.22999572753906,143.60000610351562,141.47999572753906,1329100,141.47999572753906
2017-11-01,144.58999633789062,142.60000610351562,143.33999633789062,143.6699981689453,1147300,143.6699981689453
2017-11-02,146.8699951171875,143.0,143.3699951171875,145.5800018310547,1025900,145.5800018310547
2017-11-03,146.0,144.4600067138672,145.08999633789062,144.7100067138672,708200,144.7100067138672
2017-11-06,148.52000427246094,145.1199951171875,145.25999450683594,148.39999389648438,1092300,148.39999389648438
2017-11-07,149.4499969482422,146.55999755859375,148.39999389648438,147.5500030517578,765000,147.5500030517578
2017-11-08,148.83999633789062,146.5,146.9199981689453,148.74000549316406,917600,148.74000549316406
2017-11-09,147.38999938964844,143.0500030517578,146.0,145.08999633789062,1045000,145.08999633789062
2017-11-10,146.97999572753906,144.9499969482422,144.9499969482422,146.30999755859375,743300,146.30999755859375
2017-11-13,145.72000122070312,143.5800018310547,145.19000244140625,144.61000061035156,1313900,144.61000061035156
2017-11-14,146.1699981689453,143.75,143.75,144.8699951171875,1112900,144.8699951171875
2017-11-15,144.85000610351562,141.36000061035156,143.97000122070312,143.3800048828125,1058600,143.3800048828125
2017-11-16,148.55999755859375,143.64999389648438,145.0,148.36000061035156,1648900,148.36000061035156
2017-11-17,151.14999389648438,147.42999267578125,147.75,150.08999633789062,1607300,150.08999633789062
2017-11-20,152.75999450683594,149.75,149.75,151.5,1026900,151.5
2017-11-21,155.0,152.0,152.10000610351562,153.69000244140625,1318800,153.69000244140625
2017-11-22,154.9600067138672,152.5,154.61000061035156,153.27000427246094,1053300,153.27000427246094
2017-11-24,155.4499969482422,152.16000366210938,153.61000061035156,153.16000366210938,768100,153.16000366210938
2017-11-27,154.74000549316406,152.3699951171875,152.8800048828125,153.36000061035156,1004900,153.36000061035156
2017-11-28,156.8000030517578,153.17999267578125,154.02000427246094,156.60000610351562,863000,156.60000610351562
2017-11-29,158.67999267578125,155.19000244140625,156.0,157.83999633789062,1184000,157.83999633789062
2017-11-30,161.35000610351562,158.0399932861328,158.47999572753906,159.47999572753906,1467000,159.47999572753906
2017-12-01,159.4499969482422,151.3000030517578,159.07000732421875,157.08999633789062,1735800,157.08999633789062
2017-12-04,163.9199981689453,159.72999572753906,160.22000122070312,159.75,1312800,159.75
2017-12-05,161.5800018310547,158.1999969482422,159.75,159.19000244140625,918200,159.19000244140625
2017-12-06,159.6300048828125,156.85000610351562,158.19000244140625,158.27999877929688,606400,158.27999877929688
2017-12-07,163.16000366210938,157.86000061035156,158.22000122070312,162.3800048828125,966100,162.3800048828125
2017-12-08,165.17999267578125,162.77000427246094,163.74000549316406,164.0,1094800,164.0
2017-12-11,165.64999389648438,163.1199951171875,164.52999877929688,163.82000732421875,949400,163.82000732421875
2017-12-12,165.85000610351562,163.16000366210938,164.0,163.64999389648438,832300,163.64999389648438
2017-12-13,165.6999969482422,160.3699951171875,162.99000549316406,163.80999755859375,948200,163.80999755859375
2017-12-14,165.3000030517578,160.9499969482422,163.82000732421875,161.1699981689453,990400,161.1699981689453
2017-12-15,165.60000610351562,162.33999633789062,162.8000030517578,164.2899932861328,1225900,164.2899932861328
2017-12-18,169.0500030517578,165.55999755859375,165.97999572753906,168.57000732421875,1292000,168.57000732421875
2017-12-19,170.3300018310547,165.02000427246094,169.3699951171875,166.3800048828125,1390100,166.3800048828125
2017-12-20,169.02000427246094,165.72999572753906,167.99000549316406,168.3000030517578,1419100,168.3000030517578
2017-12-21,170.74000549316406,167.64999389648438,169.69000244140625,170.47000122070312,1090300,170.47000122070312
2017-12-22,171.32000732421875,168.22000122070312,170.47000122070312,169.49000549316406,575000,169.49000549316406
2017-12-26,171.8300018310547,168.99000549316406,169.0,170.61000061035156,749700,170.61000061035156
2017-12-27,172.22000122070312,170.02000427246094,170.47000122070312,171.47000122070312,611000,171.47000122070312
2017-12-28,173.47000122070312,171.02999877929688,172.3800048828125,173.3300018310547,801600,173.3300018310547
2017-12-29,174.39999389648438,171.77999877929688,173.7899932861328,171.91000366210938,624500,171.91000366210938
2018-01-02,173.9600067138672,171.6999969482422,172.9199981689453,173.5800018310547,813300,173.5800018310547
2018-01-03,175.74000549316406,173.39999389648438,174.4499969482422,175.19000244140625,844100,175.19000244140625
2018-01-04,176.6199951171875,169.6300048828125,175.85000610351562,172.0,1331000,172.0
2018-01-05,173.32000732421875,169.5,173.0,171.3800048828125,1078600,171.3800048828125
2018-01-08,172.6699981689453,169.42999267578125,171.2899932861328,172.4499969482422,1623600,172.4499969482422
2018-01-09,173.52999877929688,170.6999969482422,172.75,172.42999267578125,981500,172.42999267578125
2018-01-10,174.92999267578125,171.5,171.72999572753906,173.1999969482422,1100500,173.1999969482422
2018-01-11,179.99000549316406,174.63999938964844,174.80999755859375,179.99000549316406,1533900,179.99000549316406
2018-01-12,182.86000061035156,179.52000427246094,180.60000610351562,180.88999938964844,882600,180.88999938964844
2018-01-16,184.0,176.67999267578125,181.9499969482422,178.97000122070312,1083800,178.97000122070312
2018-01-17,180.67999267578125,177.52000427246094,178.75999450683594,180.1699981689453,691700,180.1699981689453
2018-01-18,181.7899932861328,179.77000427246094,180.3300018310547,181.24000549316406,814400,181.24000549316406
2018-01-19,184.25,180.82000732421875,181.6999969482422,183.6699981689453,1208300,183.6699981689453
2018-01-22,187.1699981689453,181.0,184.0,187.1199951171875,995400,187.1199951171875
2018-01-23,188.72999572753906,183.8800048828125,187.5,185.8699951171875,1531500,185.8699951171875
2018-01-24,187.0800018310547,183.8800048828125,186.47000122070312,185.52000427246094,1836900,185.52000427246094
2018-01-25,189.0,176.5500030517578,186.0,181.91000366210938,3108700,181.91000366210938
2018-01-26,187.25,180.44000244140625,184.69000244140625,185.3699951171875,1963200,185.3699951171875
2018-01-29,188.30999755859375,180.2100067138672,184.92999267578125,180.47000122070312,1996900,180.47000122070312
2018-01-30,182.99000549316406,176.7899932861328,177.05999755859375,182.13999938964844,1401100,182.13999938964844
2018-01-31,185.88999938964844,179.77999877929688,185.10000610351562,181.11000061035156,1420300,181.11000061035156
2018-02-01,183.52999877929688,178.4499969482422,180.67999267578125,179.64999389648438,1431400,179.64999389648438
2018-02-02,178.2100067138672,173.0399932861328,177.5800018310547,173.3000030517578,1496700,173.3000030517578
2018-02-05,176.00999450683594,166.5800018310547,171.72000122070312,166.7100067138672,2209500,166.7100067138672
2018-02-06,172.75999450683594,161.41000366210938,162.27999877929688,171.33999633789062,1982500,171.33999633789062
2018-02-07,176.05999755859375,170.30999755859375,170.49000549316406,173.5800018310547,1839700,173.5800018310547
2018-02-08,173.9199981689453,161.86000061035156,173.8300018310547,161.99000549316406,2291400,161.99000549316406
2018-02-09,166.44000244140625,156.00999450683594,164.50999450683594,164.25999450683594,2529300,164.25999450683594
2018-02-12,168.77000427246094,163.2100067138672,166.6300048828125,166.05999755859375,1551500,166.05999755859375
2018-02-13,167.4600067138672,164.52999877929688,165.10000610351562,166.3300018310547,1359300,166.3300018310547
2018-02-14,168.2899932861328,163.33999633789062,164.02000427246094,167.0399932861328,1284800,167.0399932861328
2018-02-15,169.69000244140625,164.11000061035156,169.0399932861328,167.24000549316406,1203600,167.24000549316406
2018-02-16,170.69000244140625,166.41000366210938,166.41000366210938,168.02000427246094,1047800,168.02000427246094
2018-02-20,174.75,166.8000030517578,167.19000244140625,172.25,1356900,172.25
2018-02-21,175.61000061035156,171.60000610351562,171.86000061035156,171.89999389648438,1293400,171.89999389648438
2018-02-22,176.44000244140625,172.58999633789062,173.64999389648438,175.16000366210938,1706000,175.16000366210938
2018-02-23,179.22999572753906,175.3800048828125,176.69000244140625,179.08999633789062,1317300,179.08999633789062
2018-02-26,181.07000732421875,177.36000061035156,180.36000061035156,180.6300048828125,1123100,180.6300048828125
2018-02-27,182.16000366210938,178.30999755859375,180.5,178.4199981689453,1138300,178.4199981689453
2018-02-28,179.99000549316406,175.0399932861328,179.4600067138672,175.08999633789062,1373500,175.08999633789062
2018-03-01,175.0,170.4499969482422,174.75999450683594,173.24000549316406,1782300,173.24000549316406
2018-03-02,177.11000061035156,169.5,172.64999389648438,176.60000610351562,1659800,176.60000610351562
2018-03-05,181.1199951171875,173.75999450683594,175.3000030517578,180.7100067138672,1325900,180.7100067138672
2018-03-06,185.83999633789062,178.5500030517578,180.77999877929688,184.99000549316406,1365600,184.99000549316406
2018-03-07,184.6999969482422,177.30999755859375,182.77999877929688,181.35000610351562,1883700,181.35000610351562
2018-03-08,184.41000366210938,180.00999450683594,181.5399932861328,183.36000061035156,885900,183.36000061035156
2018-03-09,189.55999755859375,183.86000061035156,185.1199951171875,189.39999389648438,1069600,189.39999389648438
2018-03-12,189.5,185.39999389648438,189.39999389648438,186.6300048828125,1347700,186.6300048828125
2018-03-13,190.74000549316406,186.11000061035156,187.63999938964844,186.64999389648438,908200,186.64999389648438
2018-03-14,188.2100067138672,184.11000061035156,187.91000366210938,184.82000732421875,889600,184.82000732421875
2018-03-15,186.6300048828125,182.3699951171875,186.02000427246094,182.91000366210938,1012400,182.91000366210938
2018-03-16,188.0,182.6199951171875,183.0,186.2899932861328,1089200,186.2899932861328
2018-03-19,186.0800018310547,182.85000610351562,185.6199951171875,185.39999389648438,1018300,185.39999389648438
2018-03-20,187.8800048828125,184.82000732421875,185.67999267578125,185.16000366210938,1037800,185.16000366210938
2018-03-21,190.3000030517578,184.50999450683594,184.97000122070312,187.27000427246094,913800,187.27000427246094
2018-03-22,186.22999572753906,179.5800018310547,184.0,180.25999450683594,1449100,180.25999450683594
2018-03-23,181.11000061035156,174.02000427246094,181.11000061035156,174.17999267578125,1143200,174.17999267578125
2018-03-26,180.80999755859375,175.91000366210938,177.6300048828125,180.57000732421875,1430700,180.57000732421875
2018-03-27,183.75,176.0,181.47999572753906,177.14999389648438,1135700,177.14999389648438
2018-03-28,177.22000122070312,168.9499969482422,177.22000122070312,169.11000061035156,1815400,169.11000061035156
2018-03-29,174.1699981689453,168.44000244140625,170.89999389648438,172.72999572753906,1567900,172.72999572753906
2018-04-02,172.74000549316406,163.57000732421875,172.0399932861328,166.60000610351562,1649800,166.60000610351562
2018-04-03,169.82000732421875,166.32000732421875,167.27999877929688,169.5,1340000,169.5
2018-04-04,174.38999938964844,164.4600067138672,165.0500030517578,173.67999267578125,1478000,173.67999267578125
2018-04-05,178.75999450683594,174.0,175.3300018310547,177.94000244140625,1356900,177.94000244140625
2018-04-06,179.2899932861328,169.61000061035156,176.22000122070312,172.13999938964844,1178700,172.13999938964844
2018-04-09,175.44000244140625,171.66000366210938,173.97000122070312,171.94000244140625,932500,171.94000244140625
2018-04-10,178.75999450683594,173.72999572753906,175.7100067138672,177.97000122070312,1115200,177.97000122070312
2018-04-11,178.33999633789062,173.6300048828125,175.9499969482422,173.97000122070312,1026700,173.97000122070312
2018-04-12,177.63999938964844,174.38999938964844,175.0,176.32000732421875,791600,176.32000732421875
2018-04-13,178.83999633789062,172.8300018310547,178.50999450683594,172.9499969482422,1289900,172.9499969482422
2018-04-16,176.83999633789062,172.50999450683594,174.67999267578125,174.1300048828125,1663500,174.1300048828125
2018-04-17,178.19000244140625,175.39999389648438,175.88999938964844,177.5399932861328,1456200,177.5399932861328
2018-04-18,181.66000366210938,178.60000610351562,179.63999938964844,180.0,2129300,180.0
2018-04-19,175.75,165.75,174.0,168.22000122070312,4919200,168.22000122070312
2018-04-20,170.17999267578125,162.6199951171875,169.89999389648438,163.22000122070312,2347600,163.22000122070312
2018-04-23,164.9499969482422,161.97999572753906,163.02999877929688,163.61000061035156,1244100,163.61000061035156
2018-04-24,164.92999267578125,154.07000732421875,164.25999450683594,156.42999267578125,2294100,156.42999267578125
2018-04-25,158.6999969482422,153.36000061035156,156.39999389648438,157.8800048828125,1413800,157.8800048828125
2018-04-26,159.0,153.6699981689453,158.6199951171875,155.35000610351562,1406500,155.35000610351562
2018-04-27,157.33999633789062,155.05999755859375,155.0800018310547,155.30999755859375,1089800,155.30999755859375
2018-04-30,155.8300018310547,149.88999938964844,155.35000610351562,150.0,1262900,150.0
2018-05-01,151.1999969482422,145.92999267578125,149.2100067138672,148.63999938964844,1859000,148.63999938964844
2018-05-02,152.0,148.6999969482422,149.0500030517578,149.2899932861328,1261800,149.2899932861328
2018-05-03,150.4199981689453,145.33999633789062,148.9600067138672,149.8000030517578,1420300,149.8000030517578
2018-05-04,154.24000549316406,148.0800018310547,149.60000610351562,153.22999572753906,1112700,153.22999572753906
2018-05-07,161.74000549316406,154.44000244140625,154.50999450683594,159.49000549316406,2258900,159.49000549316406
2018-05-08,161.0,157.9499969482422,158.63999938964844,159.3300018310547,1510900,159.3300018310547
2018-05-09,162.83999633789062,159.4499969482422,160.36000061035156,162.32000732421875,1180800,162.32000732421875
2018-05-10,167.16000366210938,163.1199951171875,163.77999877929688,166.36000061035156,1335500,166.36000061035156
2018-05-11,168.5399932861328,165.57000732421875,167.13999938964844,166.88999938964844,844900,166.88999938964844
2018-05-14,167.92999267578125,165.07000732421875,167.7899932861328,165.55999755859375,918300,165.55999755859375
2018-05-15,166.5,164.0,164.89999389648438,165.5500030517578,810900,165.5500030517578
2018-05-16,170.47000122070312,165.38999938964844,165.39999389648438,169.47999572753906,1061300,169.47999572753906
2018-05-17,171.38999938964844,168.39999389648438,169.38999938964844,170.36000061035156,842100,170.36000061035156
2018-05-18,172.39999389648438,169.5399932861328,170.4499969482422,169.82000732421875,804900,169.82000732421875
2018-05-21,174.58999633789062,170.52000427246094,171.44000244140625,173.77999877929688,818800,173.77999877929688
2018-05-22,175.4199981689453,166.5399932861328,174.0,166.77999877929688,1127000,166.77999877929688
2018-05-23,167.8300018310547,163.63999938964844,165.39999389648438,167.77000427246094,1189800,167.77000427246094
2018-05-24,168.83999633789062,164.5,166.0,167.41000366210938,928900,167.41000366210938
2018-05-25,166.8300018310547,161.05999755859375,166.6199951171875,161.94000244140625,1284800,161.94000244140625
2018-05-29,162.85000610351562,159.2899932861328,160.25,160.4600067138672,835700,160.4600067138672
2018-05-30,163.32000732421875,159.8800048828125,161.58999633789062,162.3699951171875,893100,162.3699951171875
2018-05-31,162.14999389648438,159.0800018310547,162.14999389648438,159.57000732421875,1261200,159.57000732421875
2018-06-01,165.4199981689453,160.67999267578125,161.1999969482422,163.27000427246094,1153700,163.27000427246094
2018-06-04,164.4600067138672,160.82000732421875,163.5500030517578,161.35000610351562,908100,161.35000610351562
2018-06-05,164.4199981689453,161.57000732421875,161.77000427246094,163.9199981689453,713100,163.9199981689453
2018-06-06,165.80999755859375,163.44000244140625,164.8300018310547,164.85000610351562,1079700,164.85000610351562
2018-06-07,167.75,164.3800048828125,165.50999450683594,166.22000122070312,1037900,166.22000122070312
2018-06-08,166.88999938964844,164.8800048828125,165.52999877929688,166.8000030517578,533700,166.8000030517578
2018-06-11,168.8000030517578,166.07000732421875,166.5500030517578,167.92999267578125,566300,167.92999267578125
2018-06-12,172.57000732421875,168.1699981689453,168.39999389648438,169.8000030517578,954600,169.8000030517578
2018-06-13,169.80999755859375,166.5399932861328,169.77000427246094,166.63999938964844,725800,166.63999938964844
2018-06-14,168.75,163.9499969482422,166.69000244140625,164.4600067138672,866200,164.4600067138672
2018-06-15,163.11000061035156,158.6300048828125,162.3000030517578,160.85000610351562,1866600,160.85000610351562
2018-06-18,163.8000030517578,158.6300048828125,159.1199951171875,163.32000732421875,983900,163.32000732421875
2018-06-19,161.13999938964844,156.32000732421875,160.72000122070312,159.38999938964844,1443700,159.38999938964844
2018-06-20,162.0,158.33999633789062,160.25999450683594,161.69000244140625,897900,161.69000244140625
2018-06-21,160.49000549316406,152.02000427246094,160.39999389648438,153.17999267578125,2113300,153.17999267578125
2018-06-22,160.80999755859375,154.5,157.9499969482422,154.9499969482422,2398700,154.9499969482422
2018-06-25,153.5,145.9199981689453,153.5,148.14999389648438,2172300,148.14999389648438
2018-06-26,149.75999450683594,146.32000732421875,149.11000061035156,147.47999572753906,1626200,147.47999572753906
2018-06-27,151.97000122070312,146.4600067138672,148.58999633789062,146.57000732421875,1544300,146.57000732421875
2018-06-28,147.91000366210938,143.39999389648438,146.2899932861328,147.47000122070312,1093100,147.47000122070312
2018-06-29,151.47000122070312,147.4499969482422,148.39999389648438,147.6199951171875,1530000,147.6199951171875
2018-07-02,146.42999267578125,142.61000061035156,144.63999938964844,144.75,1096400,144.75
2018-07-03,148.58999633789062,144.9499969482422,146.13999938964844,145.14999389648438,644000,145.14999389648438
2018-07-05,148.75999450683594,145.13999938964844,146.5500030517578,148.5,1365100,148.5
2018-07-06,151.36000061035156,147.5,148.66000366210938,149.52999877929688,1047200,149.52999877929688
2018-07-09,155.5,150.35000610351562,150.67999267578125,155.11000061035156,1153500,155.11000061035156
2018-07-10,158.91000366210938,153.02999877929688,158.38999938964844,154.2899932861328,1743500,154.2899932861328
2018-07-11,153.92999267578125,151.47000122070312,151.74000549316406,151.69000244140625,1038000,151.69000244140625
2018-07-12,153.83999633789062,150.24000549316406,153.47999572753906,152.30999755859375,1074300,152.30999755859375
2018-07-13,156.0800018310547,153.67999267578125,154.1999969482422,154.8300018310547,1115400,154.8300018310547
2018-07-16,154.75,151.17999267578125,154.3300018310547,151.75,1429900,151.75
2018-07-17,153.27000427246094,150.07000732421875,150.75999450683594,152.2100067138672,1262400,152.2100067138672
2018-07-18,155.77000427246094,151.61000061035156,153.61000061035156,154.91000366210938,2483500,154.91000366210938
2018-07-19,156.69000244140625,150.0,150.07000732421875,156.57000732421875,3005100,156.57000732421875
2018-07-20,156.39999389648438,150.83999633789062,155.47000122070312,151.11000061035156,1808500,151.11000061035156
2018-07-23,151.52999877929688,147.4199981689453,150.99000549316406,149.32000732421875,1751000,149.32000732421875
2018-07-24,151.8800048828125,146.32000732421875,150.82000732421875,147.94000244140625,1477000,147.94000244140625
2018-07-25,147.64999389648438,143.3300018310547,146.9499969482422,146.36000061035156,1634500,146.36000061035156
2018-07-26,152.3000030517578,146.22000122070312,146.22999572753906,150.97000122070312,1394400,150.97000122070312
2018-07-27,152.3000030517578,146.35000610351562,151.75999450683594,147.30999755859375,1075700,147.30999755859375
2018-07-30,149.38999938964844,145.08999633789062,148.0,145.4499969482422,1065600,145.4499969482422
2018-07-31,149.5500030517578,146.1999969482422,146.1999969482422,148.8000030517578,1504800,148.8000030517578
2018-08-01,149.14999389648438,145.58999633789062,148.74000549316406,146.86000061035156,1288600,146.86000061035156
2018-08-02,148.02000427246094,144.08999633789062,145.47000122070312,147.1300048828125,890300,147.1300048828125
2018-08-03,148.5,146.36000061035156,147.89999389648438,148.41000366210938,817900,148.41000366210938
2018-08-06,151.72999572753906,148.05999755859375,148.1999969482422,151.32000732421875,1034300,151.32000732421875
2018-08-07,154.3000030517578,151.8800048828125,152.07000732421875,154.02000427246094,1344900,154.02000427246094
2018-08-08,153.72000122070312,151.75,153.44000244140625,151.85000610351562,758300,151.85000610351562
2018-08-09,152.91000366210938,150.60000610351562,152.0399932861328,150.75999450683594,549100,150.75999450683594
2018-08-10,150.16000366210938,147.3000030517578,149.25999450683594,148.58999633789062,703400,148.58999633789062
2018-08-13,149.99000549316406,147.25999450683594,148.6199951171875,148.17999267578125,786100,148.17999267578125
2018-08-14,152.52999877929688,148.5,148.6199951171875,151.2100067138672,987600,151.2100067138672
2018-08-15,149.58999633789062,144.5,149.47000122070312,146.8699951171875,1351600,146.8699951171875
2018-08-16,150.47999572753906,148.25999450683594,148.38999938964844,148.99000549316406,649100,148.99000549316406
2018-08-17,150.99000549316406,148.69000244140625,149.0,150.50999450683594,620300,150.50999450683594
2018-08-20,156.19000244140625,150.55999755859375,150.64999389648438,154.44000244140625,1066900,154.44000244140625
2018-08-21,159.57000732421875,154.9499969482422,154.9499969482422,157.94000244140625,1271100,157.94000244140625
2018-08-22,159.05999755859375,156.50999450683594,157.36000061035156,157.32000732421875,781100,157.32000732421875
2018-08-23,156.9199981689453,153.8699951171875,156.63999938964844,154.1300048828125,505300,154.1300048828125
2018-08-24,156.77000427246094,154.39999389648438,155.1699981689453,156.1699981689453,533200,156.1699981689453
2018-08-27,160.0500030517578,156.4499969482422,157.3000030517578,159.30999755859375,1095300,159.30999755859375
2018-08-28,161.47999572753906,157.6999969482422,160.0,158.47999572753906,746300,158.47999572753906
2018-08-29,160.27999877929688,156.52000427246094,158.7899932861328,159.77000427246094,637500,159.77000427246094
2018-08-30,159.32000732421875,156.13999938964844,159.32000732421875,156.67999267578125,807400,156.67999267578125
2018-08-31,156.75,155.3300018310547,156.02999877929688,155.8699951171875,826100,155.8699951171875
2018-09-04,159.0,155.0500030517578,155.8699951171875,158.10000610351562,1119000,158.10000610351562
2018-09-05,158.50999450683594,155.94000244140625,157.16000366210938,156.6199951171875,1088400,156.6199951171875
2018-09-06,157.97999572753906,151.4199981689453,157.32000732421875,153.82000732421875,1341300,153.82000732421875
2018-09-07,153.47000122070312,150.77000427246094,152.6300048828125,152.3000030517578,938700,152.3000030517578
2018-09-10,161.22000122070312,153.82000732421875,154.99000549316406,159.99000549316406,1928200,159.99000549316406
2018-09-11,169.14999389648438,159.50999450683594,159.52000427246094,168.3800048828125,2860700,168.3800048828125
2018-09-12,169.22999572753906,165.35000610351562,169.22999572753906,167.10000610351562,1881700,167.10000610351562
2018-09-13,170.42999267578125,166.1999969482422,167.94000244140625,166.85000610351562,1220100,166.85000610351562
2018-09-14,169.74000549316406,166.64999389648438,167.08999633789062,168.9499969482422,1070600,168.9499969482422
2018-09-17,169.8800048828125,164.4199981689453,169.25999450683594,164.94000244140625,1327100,164.94000244140625
2018-09-18,167.52000427246094,164.3699951171875,165.17999267578125,167.0500030517578,1020900,167.0500030517578
2018-09-19,172.41000366210938,166.89999389648438,167.5,168.9600067138672,1091000,168.9600067138672
2018-09-20,173.0,168.25999450683594,170.4600067138672,171.75999450683594,1523900,171.75999450683594
2018-09-21,172.3000030517578,168.77999877929688,172.1199951171875,169.0399932861328,1575000,169.0399932861328
2018-09-24,168.89999389648438,166.32000732421875,168.5,168.07000732421875,780000,168.07000732421875
2018-09-25,169.24000549316406,166.89999389648438,168.42999267578125,168.58999633789062,698800,168.58999633789062
2018-09-26,170.72999572753906,167.0500030517578,168.57000732421875,167.86000061035156,810700,167.86000061035156
2018-09-27,170.52999877929688,167.24000549316406,169.27999877929688,169.0800018310547,588100,169.0800018310547
2018-09-28,168.5500030517578,163.5800018310547,168.2100067138672,163.60000610351562,1472400,163.60000610351562
2018-10-01,165.44000244140625,161.97999572753906,164.27999877929688,162.6699981689453,1444000,162.6699981689453
2018-10-02,163.3699951171875,160.33999633789062,162.0,160.39999389648438,1078300,160.39999389648438
2018-10-03,167.2899932861328,161.49000549316406,161.5,165.52999877929688,1178500,165.52999877929688
2018-10-04,165.83999633789062,161.1199951171875,165.16000366210938,163.19000244140625,910100,163.19000244140625
2018-10-05,163.9199981689453,157.1300048828125,162.41000366210938,159.22000122070312,1370500,159.22000122070312
2018-10-08,158.86000061035156,153.35000610351562,157.94000244140625,156.07000732421875,1382600,156.07000732421875
2018-10-09,155.7100067138672,152.6199951171875,155.44000244140625,152.74000549316406,1177600,152.74000549316406
2018-10-10,152.5800018310547,143.6300048828125,152.30999755859375,144.83999633789062,2359800,144.83999633789062
2018-10-11,147.97000122070312,139.64999389648438,144.02000427246094,139.83999633789062,1971700,139.83999633789062
2018-10-12,144.80999755859375,135.67999267578125,144.80999755859375,137.8800048828125,2478700,137.8800048828125
2018-10-15,139.39999389648438,136.3699951171875,137.5,137.6199951171875,1558900,137.6199951171875
2018-10-16,141.55999755859375,136.25,138.2100067138672,141.22000122070312,1792300,141.22000122070312
2018-10-17,141.8800048828125,138.52999877929688,141.8300018310547,139.0399932861328,2601700,139.0399932861328
2018-10-18,133.61000061035156,117.55000305175781,132.3000030517578,118.12999725341797,9440700,118.12999725341797
2018-10-19,123.0,116.87999725341797,118.7699966430664,117.12000274658203,4771800,117.12000274658203
2018-10-22,119.19999694824219,113.88999938964844,118.31999969482422,114.91000366210938,3394200,114.91000366210938
2018-10-23,115.62000274658203,107.91000366210938,110.38999938964844,114.41000366210938,3645700,114.41000366210938
2018-10-24,116.97000122070312,106.7300033569336,114.9800033569336,106.98999786376953,3411600,106.98999786376953
2018-10-25,113.16000366210938,109.01000213623047,109.54000091552734,111.33000183105469,2323200,111.33000183105469
2018-10-26,110.91999816894531,106.4800033569336,109.0,109.2300033569336,2312800,109.2300033569336
2018-10-29,113.94999694824219,107.41999816894531,110.95999908447266,109.29000091552734,2136800,109.29000091552734
2018-10-30,115.9800033569336,108.0199966430664,108.30000305175781,115.62000274658203,2622600,115.62000274658203
2018-10-31,126.43000030517578,118.75,119.29000091552734,120.06999969482422,4268200,120.06999969482422
2018-11-01,126.04000091552734,120.55000305175781,122.33999633789062,125.70999908447266,3101100,125.70999908447266
2018-11-02,127.70999908447266,122.80000305175781,126.62000274658203,125.13999938964844,2470800,125.13999938964844
2018-11-05,128.33999633789062,122.37999725341797,125.86000061035156,126.69999694824219,1519700,126.69999694824219
2018-11-06,129.9199981689453,126.05000305175781,126.1500015258789,129.75999450683594,1751200,129.75999450683594
2018-11-07,134.49000549316406,129.85000610351562,132.86000061035156,131.32000732421875,2878100,131.32000732421875
2018-11-08,133.1699981689453,126.3499984741211,132.25,126.72000122070312,2085800,126.72000122070312
2018-11-09,127.5999984741211,120.12000274658203,124.87000274658203,126.66999816894531,2131800,126.66999816894531
2018-11-12,127.3499984741211,119.83000183105469,126.79000091552734,121.16000366210938,2027700,121.16000366210938
2018-11-13,123.61000061035156,118.94999694824219,121.22000122070312,119.56999969482422,1946900,119.56999969482422
2018-11-14,123.66000366210938,117.68000030517578,121.63999938964844,119.69000244140625,1660900,119.69000244140625
2018-11-15,119.87000274658203,114.69999694824219,118.97000122070312,118.5,2120800,118.5
2018-11-16,118.05999755859375,114.19000244140625,117.5,114.97000122070312,2379000,114.97000122070312
2018-11-19,116.27999877929688,112.19999694824219,114.30000305175781,112.54000091552734,1974200,112.54000091552734
2018-11-20,112.47000122070312,107.25,109.31999969482422,109.8499984741211,2356100,109.8499984741211
2018-11-21,115.33000183105469,111.45999908447266,111.6500015258789,113.0,1575100,113.0
2018-11-23,111.95999908447266,109.79000091552734,110.54000091552734,109.87999725341797,699200,109.87999725341797
2018-11-26,115.73999786376953,111.30000305175781,111.30000305175781,115.31999969482422,1341200,115.31999969482422
2018-11-27,115.02999877929688,111.4000015258789,113.87999725341797,112.54000091552734,1615400,112.54000091552734
2018-11-28,117.4800033569336,110.37999725341797,113.31999969482422,117.25,1662500,117.25
2018-11-29,117.30000305175781,115.0,116.23999786376953,115.91999816894531,1082100,115.91999816894531
2018-11-30,117.87999725341797,114.76000213623047,115.33000183105469,117.12999725341797,1477300,117.12999725341797
2018-12-03,124.2300033569336,118.0,121.5,119.26000213623047,1612800,119.26000213623047
2018-12-04,118.94999694824219,105.94999694824219,118.20999908447266,106.29000091552734,3214400,106.29000091552734
2018-12-06,106.6500015258789,102.08999633789062,103.44000244140625,104.83000183105469,2415800,104.83000183105469
2018-12-07,107.98999786376953,103.22000122070312,106.08999633789062,103.94000244140625,2570000,103.94000244140625
2018-12-10,104.56999969482422,99.5,103.06999969482422,101.86000061035156,1975700,101.86000061035156
2018-12-11,107.19000244140625,100.83999633789062,103.95999908447266,101.86000061035156,1606200,101.86000061035156
2018-12-12,112.06999969482422,107.02999877929688,107.12000274658203,108.30000305175781,3437900,108.30000305175781
2018-12-13,112.9000015258789,108.5,110.25,108.87999725341797,2203700,108.87999725341797
2018-12-14,109.62000274658203,105.36000061035156,106.55000305175781,105.80000305175781,1833800,105.80000305175781
2018-12-17,108.48999786376953,102.94999694824219,105.05000305175781,105.41000366210938,1569200,105.41000366210938
2018-12-18,109.5199966430664,102.86000061035156,106.30000305175781,104.54000091552734,1710400,104.54000091552734
2018-12-19,108.54000091552734,100.06999969482422,104.23999786376953,100.9000015258789,2404200,100.9000015258789
2018-12-20,103.16000366210938,99.5,100.33999633789062,101.36000061035156,2518600,101.36000061035156
2018-12-21,104.9000015258789,99.02999877929688,102.23999786376953,99.51000213623047,2378800,99.51000213623047
2018-12-24,99.56999969482422,95.6500015258789,98.47000122070312,95.9000015258789,1007900,95.9000015258789
2018-12-26,103.23999786376953,94.27999877929688,96.61000061035156,103.12000274658203,1553700,103.12000274658203
2018-12-27,104.80999755859375,99.4800033569336,100.93000030517578,104.79000091552734,1448300,104.79000091552734
2018-12-28,105.43000030517578,100.83999633789062,105.43000030517578,101.5,1832300,101.5
2018-12-31,103.23999786376953,98.77999877929688,102.77999877929688,102.52999877929688,1743500,102.52999877929688
2019-01-02,105.98999786376953,99.0,100.30999755859375,105.62000274658203,1729600,105.62000274658203
2019-01-03,104.38999938964844,100.5,104.38999938964844,101.9800033569336,1771300,101.9800033569336
2019-01-04,110.83999633789062,103.47000122070312,104.41999816894531,110.12999725341797,2396900,110.12999725341797
2019-01-07,115.7300033569336,108.11000061035156,110.8499984741211,114.12000274658203,2153200,114.12000274658203
2019-01-08,117.12999725341797,114.01000213623047,116.27999877929688,116.26000213623047,2046600,116.26000213623047
2019-01-09,119.56999969482422,114.8499984741211,118.23999786376953,118.47000122070312,1641100,118.47000122070312
2019-01-10,119.94000244140625,115.5999984741211,116.44000244140625,118.77999877929688,1576400,118.77999877929688
2019-01-11,118.8499984741211,115.33000183105469,117.37000274658203,117.44999694824219,1355300,117.44999694824219
2019-01-14,118.0,115.5199966430664,116.0,116.73999786376953,1202000,116.73999786376953
2019-01-15,117.79000091552734,114.5999984741211,117.31999969482422,116.1500015258789,1086500,116.1500015258789
2019-01-16,118.5,116.16999816894531,116.73999786376953,117.5,1203000,117.5
2019-01-17,120.62999725341797,117.0,117.12999725341797,119.37999725341797,1742600,119.37999725341797
2019-01-18,124.55000305175781,119.30000305175781,120.95999908447266,123.31999969482422,2275400,123.31999969482422
2019-01-22,122.01000213623047,117.02999877929688,121.0999984741211,118.23999786376953,2388700,118.23999786376953
2019-01-23,119.4000015258789,114.05999755859375,119.33999633789062,116.0199966430664,3024300,116.0199966430664
2019-01-24,125.0,119.7300033569336,121.5199966430664,123.31999969482422,4040600,123.31999969482422
2019-01-25,127.66000366210938,123.4000015258789,124.69999694824219,127.26000213623047,3089100,127.26000213623047
2019-01-28,126.76000213623047,123.0,124.48999786376953,124.79000091552734,1710400,124.79000091552734
2019-01-29,126.2699966430664,124.01000213623047,125.58999633789062,124.31999969482422,1335400,124.31999969482422
2019-01-30,128.0,122.30000305175781,125.66999816894531,127.97000122070312,2009500,127.97000122070312
2019-01-31,127.70999908447266,124.47000122070312,127.70999908447266,125.26000213623047,1497600,125.26000213623047
2019-02-01,127.23999786376953,124.41999816894531,124.87000274658203,126.33999633789062,1750500,126.33999633789062
2019-02-04,129.4600067138672,125.05000305175781,126.26000213623047,129.38999938964844,1389700,129.38999938964844
2019-02-05,131.0,128.02999877929688,129.0500030517578,129.13999938964844,1258800,129.13999938964844
2019-02-06,130.16000366210938,128.0,128.6199951171875,128.89999389648438,934700,128.89999389648438
2019-02-07,128.35000610351562,124.52999877929688,127.75,125.9800033569336,1401700,125.9800033569336
2019-02-08,126.37999725341797,123.66000366210938,124.5999984741211,126.29000091552734,1137700,126.29000091552734
2019-02-11,128.72999572753906,126.13999938964844,126.55000305175781,127.88999938964844,946300,127.88999938964844
2019-02-12,132.4600067138672,129.1999969482422,129.5500030517578,131.41000366210938,1333000,131.41000366210938
2019-02-13,133.77000427246094,132.08999633789062,132.72999572753906,132.13999938964844,1148900,132.13999938964844
2019-02-14,132.10000610351562,130.0,131.41000366210938,131.6999969482422,1178100,131.6999969482422
2019-02-15,136.0500030517578,132.11000061035156,133.07000732421875,134.86000061035156,1630500,134.86000061035156
2019-02-19,135.39999389648438,130.6300048828125,134.38999938964844,134.2899932861328,1710100,134.2899932861328
2019-02-20,137.64999389648438,134.2100067138672,134.9600067138672,136.25999450683594,1254400,136.25999450683594
2019-02-21,136.9499969482422,133.8300018310547,136.0,135.0500030517578,1186000,135.0500030517578
2019-02-22,137.08999633789062,135.3800048828125,136.0399932861328,136.83999633789062,1118300,136.83999633789062
2019-02-25,139.02999877929688,135.6999969482422,137.8800048828125,136.2899932861328,1328400,136.2899932861328
2019-02-26,136.6999969482422,134.14999389648438,135.4499969482422,134.83999633789062,1297200,134.83999633789062
2019-02-27,136.27000427246094,133.4199981689453,134.9199981689453,135.66000366210938,916600,135.66000366210938
2019-02-28,136.05999755859375,134.24000549316406,135.3300018310547,134.58999633789062,995400,134.58999633789062
2019-03-01,138.5,134.0399932861328,136.63999938964844,135.69000244140625,1108300,135.69000244140625
2019-03-04,137.16000366210938,131.3699951171875,136.49000549316406,132.49000549316406,1470400,132.49000549316406
2019-03-05,132.77999877929688,130.30999755859375,132.6999969482422,130.44000244140625,1715600,130.44000244140625
2019-03-06,130.77999877929688,127.88999938964844,130.6999969482422,128.0500030517578,1170700,128.0500030517578
2019-03-07,127.83999633789062,123.75,127.68000030517578,126.58000183105469,1934400,126.58000183105469
2019-03-08,124.7300033569336,121.62000274658203,123.8499984741211,123.23999786376953,1491700,123.23999786376953
2019-03-11,124.08999633789062,122.55000305175781,123.18000030517578,124.01000213623047,1213800,124.01000213623047
2019-03-12,126.0,122.05000305175781,124.5199966430664,125.30000305175781,1553400,125.30000305175781
2019-03-13,127.05999755859375,124.19999694824219,126.0999984741211,124.33999633789062,1011600,124.33999633789062
2019-03-14,123.75,121.62000274658203,123.52999877929688,121.70999908447266,1013700,121.70999908447266
2019-03-15,122.87999725341797,119.8499984741211,121.75,120.13999938964844,1919900,120.13999938964844
2019-03-18,123.26000213623047,120.0,120.56999969482422,122.98999786376953,1208100,122.98999786376953
2019-03-19,124.5,120.33000183105469,123.80000305175781,120.68000030517578,1385400,120.68000030517578
2019-03-20,120.30999755859375,114.05999755859375,120.2699966430664,116.11000061035156,3348200,116.11000061035156
2019-03-21,119.19000244140625,115.37999725341797,115.66000366210938,119.05999755859375,1401000,119.05999755859375
2019-03-22,118.1500015258789,110.88999938964844,118.11000061035156,110.95999908447266,2664000,110.95999908447266
2019-03-25,113.0999984741211,110.25,110.62999725341797,111.12000274658203,1642800,111.12000274658203
2019-03-26,113.6500015258789,109.86000061035156,113.20999908447266,111.5999984741211,1405600,111.5999984741211
2019-03-27,112.55000305175781,109.19000244140625,111.94000244140625,110.72000122070312,1342100,110.72000122070312
2019-03-28,112.69000244140625,110.0199966430664,110.66999816894531,112.56999969482422,1219600,112.56999969482422
2019-03-29,115.16000366210938,113.30999755859375,114.0,114.25,1355100,114.25
2019-04-01,118.69000244140625,114.37999725341797,115.58999633789062,118.11000061035156,2036900,118.11000061035156
2019-04-02,120.05000305175781,117.3499984741211,118.0,118.52999877929688,1147300,118.52999877929688
2019-04-03,121.76000213623047,119.79000091552734,119.93000030517578,120.9800033569336,1501400,120.9800033569336
2019-04-04,122.77999877929688,121.30000305175781,121.58000183105469,122.54000091552734,1267400,122.54000091552734
2019-04-05,124.7699966430664,123.11000061035156,123.80999755859375,123.33999633789062,1308131,123.33999633789062
